group_label,model_name,component_count,parameter_left,parameter_right,correlation
101-125,manuscript_juttner,2,norm_1,norm_1,1.0
101-125,manuscript_juttner,2,norm_1,temperature_1,-0.40350449176815745
101-125,manuscript_juttner,2,norm_1,U_1,0.06039556980564702
101-125,manuscript_juttner,2,norm_1,norm_2,0.7200690023619065
101-125,manuscript_juttner,2,norm_1,temperature_2,-0.4075307116467558
101-125,manuscript_juttner,2,norm_1,U_2,-0.0622737626450619
101-125,manuscript_juttner,2,temperature_1,norm_1,-0.40350449176815745
101-125,manuscript_juttner,2,temperature_1,temperature_1,0.9999999999999999
101-125,manuscript_juttner,2,temperature_1,U_1,0.8859117111040751
101-125,manuscript_juttner,2,temperature_1,norm_2,-0.34422863318424907
101-125,manuscript_juttner,2,temperature_1,temperature_2,0.1934719605609623
101-125,manuscript_juttner,2,temperature_1,U_2,0.02958680636231203
101-125,manuscript_juttner,2,U_1,norm_1,0.06039556980564702
101-125,manuscript_juttner,2,U_1,temperature_1,0.8859117111040751
101-125,manuscript_juttner,2,U_1,U_1,1.0
101-125,manuscript_juttner,2,U_1,norm_2,-0.024533394436037553
101-125,manuscript_juttner,2,U_1,temperature_2,0.01185507537805973
101-125,manuscript_juttner,2,U_1,U_2,0.0019346094245032376
101-125,manuscript_juttner,2,norm_2,norm_1,0.7200690023619065
101-125,manuscript_juttner,2,norm_2,temperature_1,-0.34422863318424907
101-125,manuscript_juttner,2,norm_2,U_1,-0.024533394436037553
101-125,manuscript_juttner,2,norm_2,norm_2,0.9999999999999999
101-125,manuscript_juttner,2,norm_2,temperature_2,-0.25995998934610703
101-125,manuscript_juttner,2,norm_2,U_2,0.16351077437023276
101-125,manuscript_juttner,2,temperature_2,norm_1,-0.4075307116467558
101-125,manuscript_juttner,2,temperature_2,temperature_1,0.1934719605609623
101-125,manuscript_juttner,2,temperature_2,U_1,0.01185507537805973
101-125,manuscript_juttner,2,temperature_2,norm_2,-0.25995998934610703
101-125,manuscript_juttner,2,temperature_2,temperature_2,0.9999999999999999
101-125,manuscript_juttner,2,temperature_2,U_2,0.9060495693416217
101-125,manuscript_juttner,2,U_2,norm_1,-0.0622737626450619
101-125,manuscript_juttner,2,U_2,temperature_1,0.02958680636231203
101-125,manuscript_juttner,2,U_2,U_1,0.0019346094245032376
101-125,manuscript_juttner,2,U_2,norm_2,0.16351077437023276
101-125,manuscript_juttner,2,U_2,temperature_2,0.9060495693416217
101-125,manuscript_juttner,2,U_2,U_2,1.0
126-150,manuscript_juttner,1,norm_1,norm_1,0.9999999999999999
126-150,manuscript_juttner,1,norm_1,temperature_1,-0.9778574478918223
126-150,manuscript_juttner,1,norm_1,U_1,-0.00020689964127196898
126-150,manuscript_juttner,1,temperature_1,norm_1,-0.9778574478918223
126-150,manuscript_juttner,1,temperature_1,temperature_1,0.9999999999999999
126-150,manuscript_juttner,1,temperature_1,U_1,-0.0033259956778158898
126-150,manuscript_juttner,1,U_1,norm_1,-0.00020689964127196898
126-150,manuscript_juttner,1,U_1,temperature_1,-0.0033259956778158898
126-150,manuscript_juttner,1,U_1,U_1,0.9999999999999998
126-150,exact_bose_einstein,1,norm_1,norm_1,1.0000000000000002
126-150,exact_bose_einstein,1,norm_1,temperature_1,-0.9765349696109511
126-150,exact_bose_einstein,1,norm_1,U_1,0.00032525566456865357
126-150,exact_bose_einstein,1,temperature_1,norm_1,-0.9765349696109511
126-150,exact_bose_einstein,1,temperature_1,temperature_1,0.9999999999999999
126-150,exact_bose_einstein,1,temperature_1,U_1,0.004753551465403795
126-150,exact_bose_einstein,1,U_1,norm_1,0.00032525566456865357
126-150,exact_bose_einstein,1,U_1,temperature_1,0.004753551465403795
126-150,exact_bose_einstein,1,U_1,U_1,1.0
126-150,tsallis,1,norm_1,norm_1,1.0
126-150,tsallis,1,norm_1,temperature_1,-0.9846301669684737
126-150,tsallis,1,norm_1,q_1,0.8291954575301028
126-150,tsallis,1,temperature_1,norm_1,-0.9846301669684737
126-150,tsallis,1,temperature_1,temperature_1,1.0
126-150,tsallis,1,temperature_1,q_1,-0.8905382066618924
126-150,tsallis,1,q_1,norm_1,0.8291954575301028
126-150,tsallis,1,q_1,temperature_1,-0.8905382066618924
126-150,tsallis,1,q_1,q_1,1.0
126-150,blast_wave,1,norm_1,norm_1,1.0
126-150,blast_wave,1,norm_1,temperature_1,-0.9995134908188823
126-150,blast_wave,1,norm_1,beta_s_1,0.9889700863406874
126-150,blast_wave,1,norm_1,n_1,-0.9723880701207105
126-150,blast_wave,1,temperature_1,norm_1,-0.9995134908188823
126-150,blast_wave,1,temperature_1,temperature_1,0.9999999999999998
126-150,blast_wave,1,temperature_1,beta_s_1,-0.9885140073376191
126-150,blast_wave,1,temperature_1,n_1,0.9775111164788747
126-150,blast_wave,1,beta_s_1,norm_1,0.9889700863406874
126-150,blast_wave,1,beta_s_1,temperature_1,-0.9885140073376191
126-150,blast_wave,1,beta_s_1,beta_s_1,1.0
126-150,blast_wave,1,beta_s_1,n_1,-0.9471047977392498
126-150,blast_wave,1,n_1,norm_1,-0.9723880701207105
126-150,blast_wave,1,n_1,temperature_1,0.9775111164788747
126-150,blast_wave,1,n_1,beta_s_1,-0.9471047977392498
126-150,blast_wave,1,n_1,n_1,0.9999999999999998
126-150,manuscript_juttner,2,norm_1,norm_1,1.0
126-150,manuscript_juttner,2,norm_1,temperature_1,-0.23533746921569373
126-150,manuscript_juttner,2,norm_1,U_1,0.25172345666850543
126-150,manuscript_juttner,2,norm_1,norm_2,0.6178983123027423
126-150,manuscript_juttner,2,norm_1,temperature_2,-0.2372501499866036
126-150,manuscript_juttner,2,norm_1,U_2,0.15960707830958187
126-150,manuscript_juttner,2,temperature_1,norm_1,-0.23533746921569373
126-150,manuscript_juttner,2,temperature_1,temperature_1,0.9999999999999999
126-150,manuscript_juttner,2,temperature_1,U_1,0.8751457879651914
126-150,manuscript_juttner,2,temperature_1,norm_2,-0.20154885867952407
126-150,manuscript_juttner,2,temperature_1,temperature_2,0.07636593115512186
126-150,manuscript_juttner,2,temperature_1,U_2,-0.051267212536624224
126-150,manuscript_juttner,2,U_1,norm_1,0.25172345666850543
126-150,manuscript_juttner,2,U_1,temperature_1,0.8751457879651914
126-150,manuscript_juttner,2,U_1,U_1,1.0
126-150,manuscript_juttner,2,U_1,norm_2,0.08135174562170129
126-150,manuscript_juttner,2,U_1,temperature_2,-0.03306578861060656
126-150,manuscript_juttner,2,U_1,U_2,0.022616902275025726
126-150,manuscript_juttner,2,norm_2,norm_1,0.6178983123027423
126-150,manuscript_juttner,2,norm_2,temperature_1,-0.20154885867952407
126-150,manuscript_juttner,2,norm_2,U_1,0.08135174562170129
126-150,manuscript_juttner,2,norm_2,norm_2,0.9999999999999998
126-150,manuscript_juttner,2,norm_2,temperature_2,-0.056930793500131256
126-150,manuscript_juttner,2,norm_2,U_2,0.4415536088347438
126-150,manuscript_juttner,2,temperature_2,norm_1,-0.2372501499866036
126-150,manuscript_juttner,2,temperature_2,temperature_1,0.07636593115512186
126-150,manuscript_juttner,2,temperature_2,U_1,-0.03306578861060656
126-150,manuscript_juttner,2,temperature_2,norm_2,-0.056930793500131256
126-150,manuscript_juttner,2,temperature_2,temperature_2,0.9999999999999999
126-150,manuscript_juttner,2,temperature_2,U_2,0.8624806682784946
126-150,manuscript_juttner,2,U_2,norm_1,0.15960707830958187
126-150,manuscript_juttner,2,U_2,temperature_1,-0.051267212536624224
126-150,manuscript_juttner,2,U_2,U_1,0.022616902275025726
126-150,manuscript_juttner,2,U_2,norm_2,0.4415536088347438
126-150,manuscript_juttner,2,U_2,temperature_2,0.8624806682784946
126-150,manuscript_juttner,2,U_2,U_2,1.0
126-150,exact_bose_einstein,2,norm_1,norm_1,0.9999999999999999
126-150,exact_bose_einstein,2,norm_1,temperature_1,-0.1794600526661023
126-150,exact_bose_einstein,2,norm_1,U_1,0.30436875928288876
126-150,exact_bose_einstein,2,norm_1,norm_2,0.5892236451514206
126-150,exact_bose_einstein,2,norm_1,temperature_2,-0.35795047991766
126-150,exact_bose_einstein,2,norm_1,U_2,0.136058364068824
126-150,exact_bose_einstein,2,temperature_1,norm_1,-0.1794600526661023
126-150,exact_bose_einstein,2,temperature_1,temperature_1,0.9999999999999999
126-150,exact_bose_einstein,2,temperature_1,U_1,0.877326357239561
126-150,exact_bose_einstein,2,temperature_1,norm_2,-0.17672528361400525
126-150,exact_bose_einstein,2,temperature_1,temperature_2,0.10611098901221945
126-150,exact_bose_einstein,2,temperature_1,U_2,-0.04025096060282782
126-150,exact_bose_einstein,2,U_1,norm_1,0.30436875928288876
126-150,exact_bose_einstein,2,U_1,temperature_1,0.877326357239561
126-150,exact_bose_einstein,2,U_1,U_1,1.0
126-150,exact_bose_einstein,2,U_1,norm_2,0.09391010339310993
126-150,exact_bose_einstein,2,U_1,temperature_2,-0.05932378942482909
126-150,exact_bose_einstein,2,U_1,U_2,0.022983926254049894
126-150,exact_bose_einstein,2,norm_2,norm_1,0.5892236451514206
126-150,exact_bose_einstein,2,norm_2,temperature_1,-0.17672528361400525
126-150,exact_bose_einstein,2,norm_2,U_1,0.09391010339310993
126-150,exact_bose_einstein,2,norm_2,norm_2,1.0000000000000002
126-150,exact_bose_einstein,2,norm_2,temperature_2,0.0071984333520110815
126-150,exact_bose_einstein,2,norm_2,U_2,0.6017161723990453
126-150,exact_bose_einstein,2,temperature_2,norm_1,-0.35795047991766
126-150,exact_bose_einstein,2,temperature_2,temperature_1,0.10611098901221945
126-150,exact_bose_einstein,2,temperature_2,U_1,-0.05932378942482909
126-150,exact_bose_einstein,2,temperature_2,norm_2,0.0071984333520110815
126-150,exact_bose_einstein,2,temperature_2,temperature_2,0.9999999999999998
126-150,exact_bose_einstein,2,temperature_2,U_2,0.7931963025735579
126-150,exact_bose_einstein,2,U_2,norm_1,0.136058364068824
126-150,exact_bose_einstein,2,U_2,temperature_1,-0.04025096060282782
126-150,exact_bose_einstein,2,U_2,U_1,0.022983926254049894
126-150,exact_bose_einstein,2,U_2,norm_2,0.6017161723990453
126-150,exact_bose_einstein,2,U_2,temperature_2,0.7931963025735579
126-150,exact_bose_einstein,2,U_2,U_2,1.0
126-150,tsallis,2,norm_1,norm_1,1.0000000000000002
126-150,tsallis,2,norm_1,temperature_1,-0.9932454740245751
126-150,tsallis,2,norm_1,q_1,0.9586312181713094
126-150,tsallis,2,norm_1,norm_2,0.7582600514047928
126-150,tsallis,2,norm_1,temperature_2,-0.8038689382178034
126-150,tsallis,2,norm_1,q_2,0.11320209691775619
126-150,tsallis,2,temperature_1,norm_1,-0.9932454740245751
126-150,tsallis,2,temperature_1,temperature_1,1.0000000000000002
126-150,tsallis,2,temperature_1,q_1,-0.9777681105210417
126-150,tsallis,2,temperature_1,norm_2,-0.7035215941710645
126-150,tsallis,2,temperature_1,temperature_2,0.7515662049044753
126-150,tsallis,2,temperature_1,q_2,-0.060881922049315515
126-150,tsallis,2,q_1,norm_1,0.9586312181713094
126-150,tsallis,2,q_1,temperature_1,-0.9777681105210417
126-150,tsallis,2,q_1,q_1,0.9999999999999999
126-150,tsallis,2,q_1,norm_2,0.6200738897126581
126-150,tsallis,2,q_1,temperature_2,-0.6638868451404046
126-150,tsallis,2,q_1,q_2,-0.09901003451131377
126-150,tsallis,2,norm_2,norm_1,0.7582600514047928
126-150,tsallis,2,norm_2,temperature_1,-0.7035215941710645
126-150,tsallis,2,norm_2,q_1,0.6200738897126581
126-150,tsallis,2,norm_2,norm_2,1.0
126-150,tsallis,2,norm_2,temperature_2,-0.9946516500088872
126-150,tsallis,2,norm_2,q_2,0.5647671912560774
126-150,tsallis,2,temperature_2,norm_1,-0.8038689382178034
126-150,tsallis,2,temperature_2,temperature_1,0.7515662049044753
126-150,tsallis,2,temperature_2,q_1,-0.6638868451404046
126-150,tsallis,2,temperature_2,norm_2,-0.9946516500088872
126-150,tsallis,2,temperature_2,temperature_2,0.9999999999999998
126-150,tsallis,2,temperature_2,q_2,-0.5612905117156655
126-150,tsallis,2,q_2,norm_1,0.11320209691775619
126-150,tsallis,2,q_2,temperature_1,-0.060881922049315515
126-150,tsallis,2,q_2,q_1,-0.09901003451131377
126-150,tsallis,2,q_2,norm_2,0.5647671912560774
126-150,tsallis,2,q_2,temperature_2,-0.5612905117156655
126-150,tsallis,2,q_2,q_2,1.0
21-30,manuscript_juttner,1,norm_1,norm_1,1.0
21-30,manuscript_juttner,1,norm_1,temperature_1,-0.9853330946886861
21-30,manuscript_juttner,1,norm_1,U_1,-4.4406122649065574e-05
21-30,manuscript_juttner,1,temperature_1,norm_1,-0.9853330946886861
21-30,manuscript_juttner,1,temperature_1,temperature_1,1.0
21-30,manuscript_juttner,1,temperature_1,U_1,-0.001026125654133747
21-30,manuscript_juttner,1,U_1,norm_1,-4.4406122649065574e-05
21-30,manuscript_juttner,1,U_1,temperature_1,-0.001026125654133747
21-30,manuscript_juttner,1,U_1,U_1,1.0
21-30,exact_bose_einstein,1,norm_1,norm_1,1.0000000000000002
21-30,exact_bose_einstein,1,norm_1,temperature_1,-0.9850483287929355
21-30,exact_bose_einstein,1,norm_1,U_1,-0.00045814656989717875
21-30,exact_bose_einstein,1,temperature_1,norm_1,-0.9850483287929355
21-30,exact_bose_einstein,1,temperature_1,temperature_1,1.0
21-30,exact_bose_einstein,1,temperature_1,U_1,-0.010294338232916374
21-30,exact_bose_einstein,1,U_1,norm_1,-0.00045814656989717875
21-30,exact_bose_einstein,1,U_1,temperature_1,-0.010294338232916374
21-30,exact_bose_einstein,1,U_1,U_1,0.9999999999999999
21-30,tsallis,1,norm_1,norm_1,1.0
21-30,tsallis,1,norm_1,temperature_1,-0.9724950639310386
21-30,tsallis,1,norm_1,q_1,0.8084412246948846
21-30,tsallis,1,temperature_1,norm_1,-0.9724950639310386
21-30,tsallis,1,temperature_1,temperature_1,1.0
21-30,tsallis,1,temperature_1,q_1,-0.905164848500694
21-30,tsallis,1,q_1,norm_1,0.8084412246948846
21-30,tsallis,1,q_1,temperature_1,-0.905164848500694
21-30,tsallis,1,q_1,q_1,0.9999999999999998
21-30,blast_wave,1,norm_1,norm_1,1.0
21-30,blast_wave,1,norm_1,temperature_1,-0.9834318918153561
21-30,blast_wave,1,norm_1,beta_s_1,0.8872701196961601
21-30,blast_wave,1,norm_1,n_1,9.31167373726407e-05
21-30,blast_wave,1,temperature_1,norm_1,-0.9834318918153561
21-30,blast_wave,1,temperature_1,temperature_1,1.0
21-30,blast_wave,1,temperature_1,beta_s_1,-0.9462108623727381
21-30,blast_wave,1,temperature_1,n_1,-0.00011670510795105725
21-30,blast_wave,1,beta_s_1,norm_1,0.8872701196961601
21-30,blast_wave,1,beta_s_1,temperature_1,-0.9462108623727381
21-30,blast_wave,1,beta_s_1,beta_s_1,1.0
21-30,blast_wave,1,beta_s_1,n_1,5.917732516816878e-05
21-30,blast_wave,1,n_1,norm_1,9.31167373726407e-05
21-30,blast_wave,1,n_1,temperature_1,-0.00011670510795105725
21-30,blast_wave,1,n_1,beta_s_1,5.917732516816878e-05
21-30,blast_wave,1,n_1,n_1,1.0
21-30,manuscript_juttner,2,norm_1,norm_1,1.0000000000000002
21-30,manuscript_juttner,2,norm_1,temperature_1,-0.903619787589494
21-30,manuscript_juttner,2,norm_1,U_1,-0.002390545740996603
21-30,manuscript_juttner,2,norm_1,norm_2,0.5923419679936104
21-30,manuscript_juttner,2,norm_1,temperature_2,-0.2756536326027249
21-30,manuscript_juttner,2,norm_1,U_2,-0.06806332880166573
21-30,manuscript_juttner,2,temperature_1,norm_1,-0.903619787589494
21-30,manuscript_juttner,2,temperature_1,temperature_1,1.0000000000000002
21-30,manuscript_juttner,2,temperature_1,U_1,0.4105402651393768
21-30,manuscript_juttner,2,temperature_1,norm_2,-0.5276201504685183
21-30,manuscript_juttner,2,temperature_1,temperature_2,0.24565127296466685
21-30,manuscript_juttner,2,temperature_1,U_2,0.06055343512087541
21-30,manuscript_juttner,2,U_1,norm_1,-0.002390545740996603
21-30,manuscript_juttner,2,U_1,temperature_1,0.4105402651393768
21-30,manuscript_juttner,2,U_1,U_1,0.9999999999999998
21-30,manuscript_juttner,2,U_1,norm_2,-0.011900033785382277
21-30,manuscript_juttner,2,U_1,temperature_2,0.005481539750885658
21-30,manuscript_juttner,2,U_1,U_2,0.0013619370993485824
21-30,manuscript_juttner,2,norm_2,norm_1,0.5923419679936104
21-30,manuscript_juttner,2,norm_2,temperature_1,-0.5276201504685183
21-30,manuscript_juttner,2,norm_2,U_1,-0.011900033785382277
21-30,manuscript_juttner,2,norm_2,norm_2,1.0
21-30,manuscript_juttner,2,norm_2,temperature_2,-0.10758659063128402
21-30,manuscript_juttner,2,norm_2,U_2,0.20005511673955398
21-30,manuscript_juttner,2,temperature_2,norm_1,-0.2756536326027249
21-30,manuscript_juttner,2,temperature_2,temperature_1,0.24565127296466685
21-30,manuscript_juttner,2,temperature_2,U_1,0.005481539750885658
21-30,manuscript_juttner,2,temperature_2,norm_2,-0.10758659063128402
21-30,manuscript_juttner,2,temperature_2,temperature_2,1.0000000000000002
21-30,manuscript_juttner,2,temperature_2,U_2,0.9505215515725106
21-30,manuscript_juttner,2,U_2,norm_1,-0.06806332880166573
21-30,manuscript_juttner,2,U_2,temperature_1,0.06055343512087541
21-30,manuscript_juttner,2,U_2,U_1,0.0013619370993485824
21-30,manuscript_juttner,2,U_2,norm_2,0.20005511673955398
21-30,manuscript_juttner,2,U_2,temperature_2,0.9505215515725106
21-30,manuscript_juttner,2,U_2,U_2,1.0
21-30,exact_bose_einstein,2,norm_1,norm_1,0.9999999999999998
21-30,exact_bose_einstein,2,norm_1,temperature_1,-0.09136742704255403
21-30,exact_bose_einstein,2,norm_1,U_1,0.11945187142520024
21-30,exact_bose_einstein,2,norm_1,norm_2,0.566479288425461
21-30,exact_bose_einstein,2,norm_1,temperature_2,-0.284511889240926
21-30,exact_bose_einstein,2,norm_1,U_2,-0.03929808623718953
21-30,exact_bose_einstein,2,temperature_1,norm_1,-0.09136742704255403
21-30,exact_bose_einstein,2,temperature_1,temperature_1,1.0
21-30,exact_bose_einstein,2,temperature_1,U_1,0.9772507421409735
21-30,exact_bose_einstein,2,temperature_1,norm_2,-0.17370844990409776
21-30,exact_bose_einstein,2,temperature_1,temperature_2,0.08656555935394578
21-30,exact_bose_einstein,2,temperature_1,U_2,0.012024845679345957
21-30,exact_bose_einstein,2,U_1,norm_1,0.11945187142520024
21-30,exact_bose_einstein,2,U_1,temperature_1,0.9772507421409735
21-30,exact_bose_einstein,2,U_1,U_1,0.9999999999999999
21-30,exact_bose_einstein,2,U_1,norm_2,-0.057384150486698204
21-30,exact_bose_einstein,2,U_1,temperature_2,0.028077597800267664
21-30,exact_bose_einstein,2,U_1,U_2,0.003966406383324858
21-30,exact_bose_einstein,2,norm_2,norm_1,0.566479288425461
21-30,exact_bose_einstein,2,norm_2,temperature_1,-0.17370844990409776
21-30,exact_bose_einstein,2,norm_2,U_1,-0.057384150486698204
21-30,exact_bose_einstein,2,norm_2,norm_2,0.9999999999999998
21-30,exact_bose_einstein,2,norm_2,temperature_2,-0.23024844573348022
21-30,exact_bose_einstein,2,norm_2,U_2,0.15471476292529543
21-30,exact_bose_einstein,2,temperature_2,norm_1,-0.284511889240926
21-30,exact_bose_einstein,2,temperature_2,temperature_1,0.08656555935394578
21-30,exact_bose_einstein,2,temperature_2,U_1,0.028077597800267664
21-30,exact_bose_einstein,2,temperature_2,norm_2,-0.23024844573348022
21-30,exact_bose_einstein,2,temperature_2,temperature_2,1.0000000000000002
21-30,exact_bose_einstein,2,temperature_2,U_2,0.9223678180688233
21-30,exact_bose_einstein,2,U_2,norm_1,-0.03929808623718953
21-30,exact_bose_einstein,2,U_2,temperature_1,0.012024845679345957
21-30,exact_bose_einstein,2,U_2,U_1,0.003966406383324858
21-30,exact_bose_einstein,2,U_2,norm_2,0.15471476292529543
21-30,exact_bose_einstein,2,U_2,temperature_2,0.9223678180688233
21-30,exact_bose_einstein,2,U_2,U_2,0.9999999999999999
21-30,tsallis,2,norm_1,norm_1,0.9999999999999998
21-30,tsallis,2,norm_1,temperature_1,-0.9499641469349973
21-30,tsallis,2,norm_1,q_1,0.3797599786099244
21-30,tsallis,2,norm_1,norm_2,0.4111437868010159
21-30,tsallis,2,norm_1,temperature_2,-0.3725243188672829
21-30,tsallis,2,norm_1,q_2,0.27149917752510566
21-30,tsallis,2,temperature_1,norm_1,-0.9499641469349973
21-30,tsallis,2,temperature_1,temperature_1,1.0
21-30,tsallis,2,temperature_1,q_1,-0.4174968304450566
21-30,tsallis,2,temperature_1,norm_2,-0.6159792999848172
21-30,tsallis,2,temperature_1,temperature_2,0.5765453168368212
21-30,tsallis,2,temperature_1,q_2,-0.4573743719146222
21-30,tsallis,2,q_1,norm_1,0.3797599786099244
21-30,tsallis,2,q_1,temperature_1,-0.4174968304450566
21-30,tsallis,2,q_1,q_1,0.9999999999999999
21-30,tsallis,2,q_1,norm_2,-0.0397770537241614
21-30,tsallis,2,q_1,temperature_2,0.033344125213278224
21-30,tsallis,2,q_1,q_2,-0.019349557088134833
21-30,tsallis,2,norm_2,norm_1,0.4111437868010159
21-30,tsallis,2,norm_2,temperature_1,-0.6159792999848172
21-30,tsallis,2,norm_2,q_1,-0.0397770537241614
21-30,tsallis,2,norm_2,norm_2,1.0
21-30,tsallis,2,norm_2,temperature_2,-0.9906541646795638
21-30,tsallis,2,norm_2,q_2,0.896017443067547
21-30,tsallis,2,temperature_2,norm_1,-0.3725243188672829
21-30,tsallis,2,temperature_2,temperature_1,0.5765453168368212
21-30,tsallis,2,temperature_2,q_1,0.033344125213278224
21-30,tsallis,2,temperature_2,norm_2,-0.9906541646795638
21-30,tsallis,2,temperature_2,temperature_2,0.9999999999999999
21-30,tsallis,2,temperature_2,q_2,-0.9422741319807095
21-30,tsallis,2,q_2,norm_1,0.27149917752510566
21-30,tsallis,2,q_2,temperature_1,-0.4573743719146222
21-30,tsallis,2,q_2,q_1,-0.019349557088134833
21-30,tsallis,2,q_2,norm_2,0.896017443067547
21-30,tsallis,2,q_2,temperature_2,-0.9422741319807095
21-30,tsallis,2,q_2,q_2,1.0
31-40,manuscript_juttner,1,norm_1,norm_1,1.0
31-40,manuscript_juttner,1,norm_1,temperature_1,-0.981742444510679
31-40,manuscript_juttner,1,norm_1,U_1,-0.0008727513886522941
31-40,manuscript_juttner,1,temperature_1,norm_1,-0.981742444510679
31-40,manuscript_juttner,1,temperature_1,temperature_1,0.9999999999999999
31-40,manuscript_juttner,1,temperature_1,U_1,-0.026188913697354554
31-40,manuscript_juttner,1,U_1,norm_1,-0.0008727513886522941
31-40,manuscript_juttner,1,U_1,temperature_1,-0.026188913697354554
31-40,manuscript_juttner,1,U_1,U_1,0.9999999999999998
31-40,exact_bose_einstein,1,norm_1,norm_1,1.0
31-40,exact_bose_einstein,1,norm_1,temperature_1,-0.9798128186665787
31-40,exact_bose_einstein,1,norm_1,U_1,-0.0006686818088027535
31-40,exact_bose_einstein,1,temperature_1,norm_1,-0.9798128186665787
31-40,exact_bose_einstein,1,temperature_1,temperature_1,1.0
31-40,exact_bose_einstein,1,temperature_1,U_1,-0.011898736022606026
31-40,exact_bose_einstein,1,U_1,norm_1,-0.0006686818088027535
31-40,exact_bose_einstein,1,U_1,temperature_1,-0.011898736022606026
31-40,exact_bose_einstein,1,U_1,U_1,1.0000000000000002
31-40,tsallis,1,norm_1,norm_1,1.0
31-40,tsallis,1,norm_1,temperature_1,-0.97718025304302
31-40,tsallis,1,norm_1,q_1,0.8336625386253013
31-40,tsallis,1,temperature_1,norm_1,-0.97718025304302
31-40,tsallis,1,temperature_1,temperature_1,0.9999999999999999
31-40,tsallis,1,temperature_1,q_1,-0.9101224412211218
31-40,tsallis,1,q_1,norm_1,0.8336625386253013
31-40,tsallis,1,q_1,temperature_1,-0.9101224412211218
31-40,tsallis,1,q_1,q_1,1.0000000000000002
31-40,blast_wave,1,norm_1,norm_1,1.0
31-40,blast_wave,1,norm_1,temperature_1,-0.9843139282843745
31-40,blast_wave,1,norm_1,beta_s_1,0.8834790835848075
31-40,blast_wave,1,norm_1,n_1,0.00021719989643553055
31-40,blast_wave,1,temperature_1,norm_1,-0.9843139282843745
31-40,blast_wave,1,temperature_1,temperature_1,1.0
31-40,blast_wave,1,temperature_1,beta_s_1,-0.934153271635028
31-40,blast_wave,1,temperature_1,n_1,-0.00026037883946777033
31-40,blast_wave,1,beta_s_1,norm_1,0.8834790835848075
31-40,blast_wave,1,beta_s_1,temperature_1,-0.934153271635028
31-40,blast_wave,1,beta_s_1,beta_s_1,1.0
31-40,blast_wave,1,beta_s_1,n_1,0.00010335985321085544
31-40,blast_wave,1,n_1,norm_1,0.00021719989643553055
31-40,blast_wave,1,n_1,temperature_1,-0.00026037883946777033
31-40,blast_wave,1,n_1,beta_s_1,0.00010335985321085544
31-40,blast_wave,1,n_1,n_1,1.0
31-40,manuscript_juttner,2,norm_1,norm_1,0.9999999999999999
31-40,manuscript_juttner,2,norm_1,temperature_1,-0.9878218005901158
31-40,manuscript_juttner,2,norm_1,U_1,0.0009496366341821516
31-40,manuscript_juttner,2,norm_1,norm_2,0.6584668574186238
31-40,manuscript_juttner,2,norm_1,temperature_2,-0.7275772009615764
31-40,manuscript_juttner,2,norm_1,U_2,-8.701064719525713e-05
31-40,manuscript_juttner,2,temperature_1,norm_1,-0.9878218005901158
31-40,manuscript_juttner,2,temperature_1,temperature_1,1.0
31-40,manuscript_juttner,2,temperature_1,U_1,0.06032207716657597
31-40,manuscript_juttner,2,temperature_1,norm_2,-0.6369920725964809
31-40,manuscript_juttner,2,temperature_1,temperature_2,0.7049465100159934
31-40,manuscript_juttner,2,temperature_1,U_2,8.411802691712582e-05
31-40,manuscript_juttner,2,U_1,norm_1,0.0009496366341821516
31-40,manuscript_juttner,2,U_1,temperature_1,0.06032207716657597
31-40,manuscript_juttner,2,U_1,U_1,1.0
31-40,manuscript_juttner,2,U_1,norm_2,-0.0010059867013509213
31-40,manuscript_juttner,2,U_1,temperature_2,0.0010666107522974133
31-40,manuscript_juttner,2,U_1,U_2,1.302610083694551e-07
31-40,manuscript_juttner,2,norm_2,norm_1,0.6584668574186238
31-40,manuscript_juttner,2,norm_2,temperature_1,-0.6369920725964809
31-40,manuscript_juttner,2,norm_2,U_1,-0.0010059867013509213
31-40,manuscript_juttner,2,norm_2,norm_2,1.0
31-40,manuscript_juttner,2,norm_2,temperature_2,-0.9800525324248103
31-40,manuscript_juttner,2,norm_2,U_2,0.0002202479601312297
31-40,manuscript_juttner,2,temperature_2,norm_1,-0.7275772009615764
31-40,manuscript_juttner,2,temperature_2,temperature_1,0.7049465100159934
31-40,manuscript_juttner,2,temperature_2,U_1,0.0010666107522974133
31-40,manuscript_juttner,2,temperature_2,norm_2,-0.9800525324248103
31-40,manuscript_juttner,2,temperature_2,temperature_2,1.0
31-40,manuscript_juttner,2,temperature_2,U_2,0.0037459974526261163
31-40,manuscript_juttner,2,U_2,norm_1,-8.701064719525713e-05
31-40,manuscript_juttner,2,U_2,temperature_1,8.411802691712582e-05
31-40,manuscript_juttner,2,U_2,U_1,1.302610083694551e-07
31-40,manuscript_juttner,2,U_2,norm_2,0.0002202479601312297
31-40,manuscript_juttner,2,U_2,temperature_2,0.0037459974526261163
31-40,manuscript_juttner,2,U_2,U_2,1.0
31-40,exact_bose_einstein,2,norm_1,norm_1,1.0
31-40,exact_bose_einstein,2,norm_1,temperature_1,-0.47535915369119736
31-40,exact_bose_einstein,2,norm_1,U_1,0.18083028009576332
31-40,exact_bose_einstein,2,norm_1,norm_2,0.558251334259699
31-40,exact_bose_einstein,2,norm_1,temperature_2,-0.17832225071648977
31-40,exact_bose_einstein,2,norm_1,U_2,0.1068104965925542
31-40,exact_bose_einstein,2,temperature_1,norm_1,-0.47535915369119736
31-40,exact_bose_einstein,2,temperature_1,temperature_1,1.0000000000000002
31-40,exact_bose_einstein,2,temperature_1,U_1,0.7726893879447542
31-40,exact_bose_einstein,2,temperature_1,norm_2,-0.28467236469978224
31-40,exact_bose_einstein,2,temperature_1,temperature_2,0.0909160104708314
31-40,exact_bose_einstein,2,temperature_1,U_2,-0.0545185774830437
31-40,exact_bose_einstein,2,U_1,norm_1,0.18083028009576332
31-40,exact_bose_einstein,2,U_1,temperature_1,0.7726893879447542
31-40,exact_bose_einstein,2,U_1,U_1,1.0
31-40,exact_bose_einstein,2,U_1,norm_2,0.06601696809342358
31-40,exact_bose_einstein,2,U_1,temperature_2,-0.02131133116728659
31-40,exact_bose_einstein,2,U_1,U_2,0.012881861497132885
31-40,exact_bose_einstein,2,norm_2,norm_1,0.558251334259699
31-40,exact_bose_einstein,2,norm_2,temperature_1,-0.28467236469978224
31-40,exact_bose_einstein,2,norm_2,U_1,0.06601696809342358
31-40,exact_bose_einstein,2,norm_2,norm_2,1.0
31-40,exact_bose_einstein,2,norm_2,temperature_2,-0.07188077390673485
31-40,exact_bose_einstein,2,norm_2,U_2,0.3540330595537184
31-40,exact_bose_einstein,2,temperature_2,norm_1,-0.17832225071648977
31-40,exact_bose_einstein,2,temperature_2,temperature_1,0.0909160104708314
31-40,exact_bose_einstein,2,temperature_2,U_1,-0.02131133116728659
31-40,exact_bose_einstein,2,temperature_2,norm_2,-0.07188077390673485
31-40,exact_bose_einstein,2,temperature_2,temperature_2,1.0
31-40,exact_bose_einstein,2,temperature_2,U_2,0.9029794378736565
31-40,exact_bose_einstein,2,U_2,norm_1,0.1068104965925542
31-40,exact_bose_einstein,2,U_2,temperature_1,-0.0545185774830437
31-40,exact_bose_einstein,2,U_2,U_1,0.012881861497132885
31-40,exact_bose_einstein,2,U_2,norm_2,0.3540330595537184
31-40,exact_bose_einstein,2,U_2,temperature_2,0.9029794378736565
31-40,exact_bose_einstein,2,U_2,U_2,1.0
31-40,tsallis,2,norm_1,norm_1,1.0
31-40,tsallis,2,norm_1,temperature_1,-0.9879207531401963
31-40,tsallis,2,norm_1,q_1,0.8892573096535437
31-40,tsallis,2,norm_1,norm_2,-0.16489552269101965
31-40,tsallis,2,norm_1,temperature_2,0.14197046558922033
31-40,tsallis,2,norm_1,q_2,-0.39729645359197746
31-40,tsallis,2,temperature_1,norm_1,-0.9879207531401963
31-40,tsallis,2,temperature_1,temperature_1,1.0
31-40,tsallis,2,temperature_1,q_1,-0.9412243997633477
31-40,tsallis,2,temperature_1,norm_2,0.13175466865618266
31-40,tsallis,2,temperature_1,temperature_2,-0.10468571908208754
31-40,tsallis,2,temperature_1,q_2,0.3430149601702851
31-40,tsallis,2,q_1,norm_1,0.8892573096535437
31-40,tsallis,2,q_1,temperature_1,-0.9412243997633477
31-40,tsallis,2,q_1,q_1,1.0
31-40,tsallis,2,q_1,norm_2,-0.07241055313267367
31-40,tsallis,2,q_1,temperature_2,0.04137769533985852
31-40,tsallis,2,q_1,q_2,-0.23330203373233885
31-40,tsallis,2,norm_2,norm_1,-0.16489552269101965
31-40,tsallis,2,norm_2,temperature_1,0.13175466865618266
31-40,tsallis,2,norm_2,q_1,-0.07241055313267367
31-40,tsallis,2,norm_2,norm_2,1.0
31-40,tsallis,2,norm_2,temperature_2,-0.991742877767598
31-40,tsallis,2,norm_2,q_2,0.9090361831450774
31-40,tsallis,2,temperature_2,norm_1,0.14197046558922033
31-40,tsallis,2,temperature_2,temperature_1,-0.10468571908208754
31-40,tsallis,2,temperature_2,q_1,0.04137769533985852
31-40,tsallis,2,temperature_2,norm_2,-0.991742877767598
31-40,tsallis,2,temperature_2,temperature_2,1.0
31-40,tsallis,2,temperature_2,q_2,-0.9333228651838115
31-40,tsallis,2,q_2,norm_1,-0.39729645359197746
31-40,tsallis,2,q_2,temperature_1,0.3430149601702851
31-40,tsallis,2,q_2,q_1,-0.23330203373233885
31-40,tsallis,2,q_2,norm_2,0.9090361831450774
31-40,tsallis,2,q_2,temperature_2,-0.9333228651838115
31-40,tsallis,2,q_2,q_2,0.9999999999999999
41-50,manuscript_juttner,1,norm_1,norm_1,1.0
41-50,manuscript_juttner,1,norm_1,temperature_1,-0.9800847387973188
41-50,manuscript_juttner,1,norm_1,U_1,-0.0008750872758251239
41-50,manuscript_juttner,1,temperature_1,norm_1,-0.9800847387973188
41-50,manuscript_juttner,1,temperature_1,temperature_1,0.9999999999999999
41-50,manuscript_juttner,1,temperature_1,U_1,-0.02412270989562784
41-50,manuscript_juttner,1,U_1,norm_1,-0.0008750872758251239
41-50,manuscript_juttner,1,U_1,temperature_1,-0.02412270989562784
41-50,manuscript_juttner,1,U_1,U_1,1.0000000000000002
41-50,exact_bose_einstein,1,norm_1,norm_1,1.0
41-50,exact_bose_einstein,1,norm_1,temperature_1,-0.976992840035368
41-50,exact_bose_einstein,1,norm_1,U_1,0.00018252827752536337
41-50,exact_bose_einstein,1,temperature_1,norm_1,-0.976992840035368
41-50,exact_bose_einstein,1,temperature_1,temperature_1,1.0
41-50,exact_bose_einstein,1,temperature_1,U_1,0.0031542097041435636
41-50,exact_bose_einstein,1,U_1,norm_1,0.00018252827752536337
41-50,exact_bose_einstein,1,U_1,temperature_1,0.0031542097041435636
41-50,exact_bose_einstein,1,U_1,U_1,1.0000000000000002
41-50,tsallis,1,norm_1,norm_1,1.0
41-50,tsallis,1,norm_1,temperature_1,-0.9783201028420039
41-50,tsallis,1,norm_1,q_1,0.8425028659172963
41-50,tsallis,1,temperature_1,norm_1,-0.9783201028420039
41-50,tsallis,1,temperature_1,temperature_1,1.0
41-50,tsallis,1,temperature_1,q_1,-0.914391900041025
41-50,tsallis,1,q_1,norm_1,0.8425028659172963
41-50,tsallis,1,q_1,temperature_1,-0.914391900041025
41-50,tsallis,1,q_1,q_1,1.0
41-50,blast_wave,1,norm_1,norm_1,1.0
41-50,blast_wave,1,norm_1,temperature_1,-0.9848587445399422
41-50,blast_wave,1,norm_1,beta_s_1,0.8880525317854067
41-50,blast_wave,1,norm_1,n_1,0.003067739510101238
41-50,blast_wave,1,temperature_1,norm_1,-0.9848587445399422
41-50,blast_wave,1,temperature_1,temperature_1,1.0
41-50,blast_wave,1,temperature_1,beta_s_1,-0.9352673700483682
41-50,blast_wave,1,temperature_1,n_1,-0.003605349145466975
41-50,blast_wave,1,beta_s_1,norm_1,0.8880525317854067
41-50,blast_wave,1,beta_s_1,temperature_1,-0.9352673700483682
41-50,blast_wave,1,beta_s_1,beta_s_1,0.9999999999999999
41-50,blast_wave,1,beta_s_1,n_1,0.0014498496776365474
41-50,blast_wave,1,n_1,norm_1,0.003067739510101238
41-50,blast_wave,1,n_1,temperature_1,-0.003605349145466975
41-50,blast_wave,1,n_1,beta_s_1,0.0014498496776365474
41-50,blast_wave,1,n_1,n_1,0.9999999999999999
41-50,manuscript_juttner,2,norm_1,norm_1,1.0000000000000002
41-50,manuscript_juttner,2,norm_1,temperature_1,-0.5031071609554164
41-50,manuscript_juttner,2,norm_1,U_1,-0.0026441781538927194
41-50,manuscript_juttner,2,norm_1,norm_2,0.7151925809669466
41-50,manuscript_juttner,2,norm_1,temperature_2,-0.6284640372491735
41-50,manuscript_juttner,2,norm_1,U_2,-0.02728109101913403
41-50,manuscript_juttner,2,temperature_1,norm_1,-0.5031071609554164
41-50,manuscript_juttner,2,temperature_1,temperature_1,1.0
41-50,manuscript_juttner,2,temperature_1,U_1,0.8629954955107075
41-50,manuscript_juttner,2,temperature_1,norm_2,-0.4018669762378271
41-50,manuscript_juttner,2,temperature_1,temperature_2,0.3523293736137124
41-50,manuscript_juttner,2,temperature_1,U_2,0.01528075640323862
41-50,manuscript_juttner,2,U_1,norm_1,-0.0026441781538927194
41-50,manuscript_juttner,2,U_1,temperature_1,0.8629954955107075
41-50,manuscript_juttner,2,U_1,U_1,0.9999999999999998
41-50,manuscript_juttner,2,U_1,norm_2,-0.057856279979066304
41-50,manuscript_juttner,2,U_1,temperature_2,0.04941627240926442
41-50,manuscript_juttner,2,U_1,U_2,0.002150901295993879
41-50,manuscript_juttner,2,norm_2,norm_1,0.7151925809669466
41-50,manuscript_juttner,2,norm_2,temperature_1,-0.4018669762378271
41-50,manuscript_juttner,2,norm_2,U_1,-0.057856279979066304
41-50,manuscript_juttner,2,norm_2,norm_2,0.9999999999999999
41-50,manuscript_juttner,2,norm_2,temperature_2,-0.7423922874536589
41-50,manuscript_juttner,2,norm_2,U_2,0.040568457854321074
41-50,manuscript_juttner,2,temperature_2,norm_1,-0.6284640372491735
41-50,manuscript_juttner,2,temperature_2,temperature_1,0.3523293736137124
41-50,manuscript_juttner,2,temperature_2,U_1,0.04941627240926442
41-50,manuscript_juttner,2,temperature_2,norm_2,-0.7423922874536589
41-50,manuscript_juttner,2,temperature_2,temperature_2,1.0
41-50,manuscript_juttner,2,temperature_2,U_2,0.6233941130517775
41-50,manuscript_juttner,2,U_2,norm_1,-0.02728109101913403
41-50,manuscript_juttner,2,U_2,temperature_1,0.01528075640323862
41-50,manuscript_juttner,2,U_2,U_1,0.002150901295993879
41-50,manuscript_juttner,2,U_2,norm_2,0.040568457854321074
41-50,manuscript_juttner,2,U_2,temperature_2,0.6233941130517775
41-50,manuscript_juttner,2,U_2,U_2,1.0
41-50,exact_bose_einstein,2,norm_1,norm_1,1.0000000000000002
41-50,exact_bose_einstein,2,norm_1,temperature_1,-0.5031981371027441
41-50,exact_bose_einstein,2,norm_1,U_1,0.20615535879234145
41-50,exact_bose_einstein,2,norm_1,norm_2,0.5483080491982572
41-50,exact_bose_einstein,2,norm_1,temperature_2,-0.12492746192504986
41-50,exact_bose_einstein,2,norm_1,U_2,0.15898834022157973
41-50,exact_bose_einstein,2,temperature_1,norm_1,-0.5031981371027441
41-50,exact_bose_einstein,2,temperature_1,temperature_1,0.9999999999999999
41-50,exact_bose_einstein,2,temperature_1,U_1,0.7325483399369331
41-50,exact_bose_einstein,2,temperature_1,norm_2,-0.2881957187696253
41-50,exact_bose_einstein,2,temperature_1,temperature_2,0.0656839904357866
41-50,exact_bose_einstein,2,temperature_1,U_2,-0.08374010058218864
41-50,exact_bose_einstein,2,U_1,norm_1,0.20615535879234145
41-50,exact_bose_einstein,2,U_1,temperature_1,0.7325483399369331
41-50,exact_bose_einstein,2,U_1,U_1,0.9999999999999999
41-50,exact_bose_einstein,2,U_1,norm_2,0.08195270592466011
41-50,exact_bose_einstein,2,U_1,temperature_2,-0.01883694143347192
41-50,exact_bose_einstein,2,U_1,U_2,0.02412051349685461
41-50,exact_bose_einstein,2,norm_2,norm_1,0.5483080491982572
41-50,exact_bose_einstein,2,norm_2,temperature_1,-0.2881957187696253
41-50,exact_bose_einstein,2,norm_2,U_1,0.08195270592466011
41-50,exact_bose_einstein,2,norm_2,norm_2,1.0
41-50,exact_bose_einstein,2,norm_2,temperature_2,0.009718669231568118
41-50,exact_bose_einstein,2,norm_2,U_2,0.4295562587881576
41-50,exact_bose_einstein,2,temperature_2,norm_1,-0.12492746192504986
41-50,exact_bose_einstein,2,temperature_2,temperature_1,0.0656839904357866
41-50,exact_bose_einstein,2,temperature_2,U_1,-0.01883694143347192
41-50,exact_bose_einstein,2,temperature_2,norm_2,0.009718669231568118
41-50,exact_bose_einstein,2,temperature_2,temperature_2,1.0
41-50,exact_bose_einstein,2,temperature_2,U_2,0.90254982662292
41-50,exact_bose_einstein,2,U_2,norm_1,0.15898834022157973
41-50,exact_bose_einstein,2,U_2,temperature_1,-0.08374010058218864
41-50,exact_bose_einstein,2,U_2,U_1,0.02412051349685461
41-50,exact_bose_einstein,2,U_2,norm_2,0.4295562587881576
41-50,exact_bose_einstein,2,U_2,temperature_2,0.90254982662292
41-50,exact_bose_einstein,2,U_2,U_2,1.0
41-50,tsallis,2,norm_1,norm_1,1.0000000000000002
41-50,tsallis,2,norm_1,temperature_1,-0.9953834150090507
41-50,tsallis,2,norm_1,q_1,0.9447902507677911
41-50,tsallis,2,norm_1,norm_2,-0.2936010374948966
41-50,tsallis,2,norm_1,temperature_2,0.24254478492856907
41-50,tsallis,2,norm_1,q_2,-0.14885097009769638
41-50,tsallis,2,temperature_1,norm_1,-0.9953834150090507
41-50,tsallis,2,temperature_1,temperature_1,1.0000000000000002
41-50,tsallis,2,temperature_1,q_1,-0.9618082816258504
41-50,tsallis,2,temperature_1,norm_2,0.290581724268857
41-50,tsallis,2,temperature_1,temperature_2,-0.2358973024011248
41-50,tsallis,2,temperature_1,q_2,0.13739399891388018
41-50,tsallis,2,q_1,norm_1,0.9447902507677911
41-50,tsallis,2,q_1,temperature_1,-0.9618082816258504
41-50,tsallis,2,q_1,q_1,1.0
41-50,tsallis,2,q_1,norm_2,-0.4768408958100535
41-50,tsallis,2,q_1,temperature_2,0.4116992879471029
41-50,tsallis,2,q_1,q_2,-0.28255620657934793
41-50,tsallis,2,norm_2,norm_1,-0.2936010374948966
41-50,tsallis,2,norm_2,temperature_1,0.290581724268857
41-50,tsallis,2,norm_2,q_1,-0.4768408958100535
41-50,tsallis,2,norm_2,norm_2,0.9999999999999998
41-50,tsallis,2,norm_2,temperature_2,-0.9871446593075024
41-50,tsallis,2,norm_2,q_2,0.888323141565695
41-50,tsallis,2,temperature_2,norm_1,0.24254478492856907
41-50,tsallis,2,temperature_2,temperature_1,-0.2358973024011248
41-50,tsallis,2,temperature_2,q_1,0.4116992879471029
41-50,tsallis,2,temperature_2,norm_2,-0.9871446593075024
41-50,tsallis,2,temperature_2,temperature_2,1.0
41-50,tsallis,2,temperature_2,q_2,-0.9420865875830446
41-50,tsallis,2,q_2,norm_1,-0.14885097009769638
41-50,tsallis,2,q_2,temperature_1,0.13739399891388018
41-50,tsallis,2,q_2,q_1,-0.28255620657934793
41-50,tsallis,2,q_2,norm_2,0.888323141565695
41-50,tsallis,2,q_2,temperature_2,-0.9420865875830446
41-50,tsallis,2,q_2,q_2,0.9999999999999999
51-60,manuscript_juttner,1,norm_1,norm_1,0.9999999999999999
51-60,manuscript_juttner,1,norm_1,temperature_1,-0.9788626145012473
51-60,manuscript_juttner,1,norm_1,U_1,-0.0008801902873771454
51-60,manuscript_juttner,1,temperature_1,norm_1,-0.9788626145012473
51-60,manuscript_juttner,1,temperature_1,temperature_1,1.0
51-60,manuscript_juttner,1,temperature_1,U_1,-0.02297858570095583
51-60,manuscript_juttner,1,U_1,norm_1,-0.0008801902873771454
51-60,manuscript_juttner,1,U_1,temperature_1,-0.02297858570095583
51-60,manuscript_juttner,1,U_1,U_1,1.0
51-60,exact_bose_einstein,1,norm_1,norm_1,1.0000000000000002
51-60,exact_bose_einstein,1,norm_1,temperature_1,-0.9751493598189689
51-60,exact_bose_einstein,1,norm_1,U_1,-0.0013391373969373053
51-60,exact_bose_einstein,1,temperature_1,norm_1,-0.9751493598189689
51-60,exact_bose_einstein,1,temperature_1,temperature_1,1.0
51-60,exact_bose_einstein,1,temperature_1,U_1,-0.029294792471501
51-60,exact_bose_einstein,1,U_1,norm_1,-0.0013391373969373053
51-60,exact_bose_einstein,1,U_1,temperature_1,-0.029294792471501
51-60,exact_bose_einstein,1,U_1,U_1,1.0
51-60,tsallis,1,norm_1,norm_1,0.9999999999999998
51-60,tsallis,1,norm_1,temperature_1,-0.9788727314297466
51-60,tsallis,1,norm_1,q_1,0.8462290432446133
51-60,tsallis,1,temperature_1,norm_1,-0.9788727314297466
51-60,tsallis,1,temperature_1,temperature_1,1.0
51-60,tsallis,1,temperature_1,q_1,-0.9159106253471887
51-60,tsallis,1,q_1,norm_1,0.8462290432446133
51-60,tsallis,1,q_1,temperature_1,-0.9159106253471887
51-60,tsallis,1,q_1,q_1,1.0
51-60,blast_wave,1,norm_1,norm_1,1.0
51-60,blast_wave,1,norm_1,temperature_1,-0.9848645035888849
51-60,blast_wave,1,norm_1,beta_s_1,0.887497418816033
51-60,blast_wave,1,norm_1,n_1,0.026576978920928897
51-60,blast_wave,1,temperature_1,norm_1,-0.9848645035888849
51-60,blast_wave,1,temperature_1,temperature_1,1.0
51-60,blast_wave,1,temperature_1,beta_s_1,-0.933834062203451
51-60,blast_wave,1,temperature_1,n_1,-0.0309386672621233
51-60,blast_wave,1,beta_s_1,norm_1,0.887497418816033
51-60,blast_wave,1,beta_s_1,temperature_1,-0.933834062203451
51-60,blast_wave,1,beta_s_1,beta_s_1,0.9999999999999998
51-60,blast_wave,1,beta_s_1,n_1,0.011996254028363578
51-60,blast_wave,1,n_1,norm_1,0.026576978920928897
51-60,blast_wave,1,n_1,temperature_1,-0.0309386672621233
51-60,blast_wave,1,n_1,beta_s_1,0.011996254028363578
51-60,blast_wave,1,n_1,n_1,1.0
51-60,manuscript_juttner,2,norm_1,norm_1,1.0
51-60,manuscript_juttner,2,norm_1,temperature_1,-0.5270394642891222
51-60,manuscript_juttner,2,norm_1,U_1,0.0291128149672204
51-60,manuscript_juttner,2,norm_1,norm_2,0.6975353052341604
51-60,manuscript_juttner,2,norm_1,temperature_2,-0.5841791377072596
51-60,manuscript_juttner,2,norm_1,U_2,-0.028700646644631043
51-60,manuscript_juttner,2,temperature_1,norm_1,-0.5270394642891222
51-60,manuscript_juttner,2,temperature_1,temperature_1,1.0000000000000002
51-60,manuscript_juttner,2,temperature_1,U_1,0.8303072693826495
51-60,manuscript_juttner,2,temperature_1,norm_2,-0.3974165646603027
51-60,manuscript_juttner,2,temperature_1,temperature_2,0.3323656755981572
51-60,manuscript_juttner,2,temperature_1,U_2,0.016312324132659213
51-60,manuscript_juttner,2,U_1,norm_1,0.0291128149672204
51-60,manuscript_juttner,2,U_1,temperature_1,0.8303072693826495
51-60,manuscript_juttner,2,U_1,U_1,1.0000000000000002
51-60,manuscript_juttner,2,U_1,norm_2,-0.024334919301103035
51-60,manuscript_juttner,2,U_1,temperature_2,0.019186993536214756
51-60,manuscript_juttner,2,U_1,U_2,0.0009658788261898022
51-60,manuscript_juttner,2,norm_2,norm_1,0.6975353052341604
51-60,manuscript_juttner,2,norm_2,temperature_1,-0.3974165646603027
51-60,manuscript_juttner,2,norm_2,U_1,-0.024334919301103035
51-60,manuscript_juttner,2,norm_2,norm_2,0.9999999999999999
51-60,manuscript_juttner,2,norm_2,temperature_2,-0.6841693461362225
51-60,manuscript_juttner,2,norm_2,U_2,0.05112164209500921
51-60,manuscript_juttner,2,temperature_2,norm_1,-0.5841791377072596
51-60,manuscript_juttner,2,temperature_2,temperature_1,0.3323656755981572
51-60,manuscript_juttner,2,temperature_2,U_1,0.019186993536214756
51-60,manuscript_juttner,2,temperature_2,norm_2,-0.6841693461362225
51-60,manuscript_juttner,2,temperature_2,temperature_2,0.9999999999999999
51-60,manuscript_juttner,2,temperature_2,U_2,0.6798003280241368
51-60,manuscript_juttner,2,U_2,norm_1,-0.028700646644631043
51-60,manuscript_juttner,2,U_2,temperature_1,0.016312324132659213
51-60,manuscript_juttner,2,U_2,U_1,0.0009658788261898022
51-60,manuscript_juttner,2,U_2,norm_2,0.05112164209500921
51-60,manuscript_juttner,2,U_2,temperature_2,0.6798003280241368
51-60,manuscript_juttner,2,U_2,U_2,1.0
51-60,exact_bose_einstein,2,norm_1,norm_1,1.0
51-60,exact_bose_einstein,2,norm_1,temperature_1,-0.6742896155417611
51-60,exact_bose_einstein,2,norm_1,U_1,0.13183752107702937
51-60,exact_bose_einstein,2,norm_1,norm_2,0.5751357175306525
51-60,exact_bose_einstein,2,norm_1,temperature_2,-0.1820705641341771
51-60,exact_bose_einstein,2,norm_1,U_2,0.13120131092387202
51-60,exact_bose_einstein,2,temperature_1,norm_1,-0.6742896155417611
51-60,exact_bose_einstein,2,temperature_1,temperature_1,1.0
51-60,exact_bose_einstein,2,temperature_1,U_1,0.6301713656458764
51-60,exact_bose_einstein,2,temperature_1,norm_2,-0.3897540781123155
51-60,exact_bose_einstein,2,temperature_1,temperature_2,0.1235045712331412
51-60,exact_bose_einstein,2,temperature_1,U_2,-0.08925158887556559
51-60,exact_bose_einstein,2,U_1,norm_1,0.13183752107702937
51-60,exact_bose_einstein,2,U_1,temperature_1,0.6301713656458764
51-60,exact_bose_einstein,2,U_1,U_1,1.0
51-60,exact_bose_einstein,2,U_1,norm_2,0.05112833528923211
51-60,exact_bose_einstein,2,U_1,temperature_2,-0.016370381511162137
51-60,exact_bose_einstein,2,U_1,U_2,0.011938932933125264
51-60,exact_bose_einstein,2,norm_2,norm_1,0.5751357175306525
51-60,exact_bose_einstein,2,norm_2,temperature_1,-0.3897540781123155
51-60,exact_bose_einstein,2,norm_2,U_1,0.05112833528923211
51-60,exact_bose_einstein,2,norm_2,norm_2,1.0000000000000002
51-60,exact_bose_einstein,2,norm_2,temperature_2,-0.039190207506164906
51-60,exact_bose_einstein,2,norm_2,U_2,0.4047013258901832
51-60,exact_bose_einstein,2,temperature_2,norm_1,-0.1820705641341771
51-60,exact_bose_einstein,2,temperature_2,temperature_1,0.1235045712331412
51-60,exact_bose_einstein,2,temperature_2,U_1,-0.016370381511162137
51-60,exact_bose_einstein,2,temperature_2,norm_2,-0.039190207506164906
51-60,exact_bose_einstein,2,temperature_2,temperature_2,0.9999999999999999
51-60,exact_bose_einstein,2,temperature_2,U_2,0.8929654706115365
51-60,exact_bose_einstein,2,U_2,norm_1,0.13120131092387202
51-60,exact_bose_einstein,2,U_2,temperature_1,-0.08925158887556559
51-60,exact_bose_einstein,2,U_2,U_1,0.011938932933125264
51-60,exact_bose_einstein,2,U_2,norm_2,0.4047013258901832
51-60,exact_bose_einstein,2,U_2,temperature_2,0.8929654706115365
51-60,exact_bose_einstein,2,U_2,U_2,1.0
51-60,tsallis,2,norm_1,norm_1,1.0
51-60,tsallis,2,norm_1,temperature_1,-0.9946287251063762
51-60,tsallis,2,norm_1,q_1,0.9298961201238614
51-60,tsallis,2,norm_1,norm_2,-0.2368125292658922
51-60,tsallis,2,norm_1,temperature_2,0.18868756024220992
51-60,tsallis,2,norm_1,q_2,-0.10560235502535677
51-60,tsallis,2,temperature_1,norm_1,-0.9946287251063762
51-60,tsallis,2,temperature_1,temperature_1,1.0000000000000002
51-60,tsallis,2,temperature_1,q_1,-0.9517325768460717
51-60,tsallis,2,temperature_1,norm_2,0.2398198364436556
51-60,tsallis,2,temperature_1,temperature_2,-0.1874275705874442
51-60,tsallis,2,temperature_1,q_2,0.09829117601030261
51-60,tsallis,2,q_1,norm_1,0.9298961201238614
51-60,tsallis,2,q_1,temperature_1,-0.9517325768460717
51-60,tsallis,2,q_1,q_1,1.0
51-60,tsallis,2,q_1,norm_2,-0.4549853123531891
51-60,tsallis,2,q_1,temperature_2,0.38964524924421623
51-60,tsallis,2,q_1,q_2,-0.26434274975301886
51-60,tsallis,2,norm_2,norm_1,-0.2368125292658922
51-60,tsallis,2,norm_2,temperature_1,0.2398198364436556
51-60,tsallis,2,norm_2,q_1,-0.4549853123531891
51-60,tsallis,2,norm_2,norm_2,1.0
51-60,tsallis,2,norm_2,temperature_2,-0.9866047774315624
51-60,tsallis,2,norm_2,q_2,0.8871699659554053
51-60,tsallis,2,temperature_2,norm_1,0.18868756024220992
51-60,tsallis,2,temperature_2,temperature_1,-0.1874275705874442
51-60,tsallis,2,temperature_2,q_1,0.38964524924421623
51-60,tsallis,2,temperature_2,norm_2,-0.9866047774315624
51-60,tsallis,2,temperature_2,temperature_2,1.0
51-60,tsallis,2,temperature_2,q_2,-0.9420351779263242
51-60,tsallis,2,q_2,norm_1,-0.10560235502535677
51-60,tsallis,2,q_2,temperature_1,0.09829117601030261
51-60,tsallis,2,q_2,q_1,-0.26434274975301886
51-60,tsallis,2,q_2,norm_2,0.8871699659554053
51-60,tsallis,2,q_2,temperature_2,-0.9420351779263242
51-60,tsallis,2,q_2,q_2,1.0
61-70,manuscript_juttner,1,norm_1,norm_1,1.0
61-70,manuscript_juttner,1,norm_1,temperature_1,-0.9831933100876213
61-70,manuscript_juttner,1,norm_1,U_1,-0.0006952821333826057
61-70,manuscript_juttner,1,temperature_1,norm_1,-0.9831933100876213
61-70,manuscript_juttner,1,temperature_1,temperature_1,1.0
61-70,manuscript_juttner,1,temperature_1,U_1,-0.02025222201939182
61-70,manuscript_juttner,1,U_1,norm_1,-0.0006952821333826057
61-70,manuscript_juttner,1,U_1,temperature_1,-0.02025222201939182
61-70,manuscript_juttner,1,U_1,U_1,1.0
61-70,exact_bose_einstein,1,norm_1,norm_1,1.0
61-70,exact_bose_einstein,1,norm_1,temperature_1,-0.9793718225307608
61-70,exact_bose_einstein,1,norm_1,U_1,0.0002618305203986939
61-70,exact_bose_einstein,1,temperature_1,norm_1,-0.9793718225307608
61-70,exact_bose_einstein,1,temperature_1,temperature_1,0.9999999999999998
61-70,exact_bose_einstein,1,temperature_1,U_1,0.004106982788429351
61-70,exact_bose_einstein,1,U_1,norm_1,0.0002618305203986939
61-70,exact_bose_einstein,1,U_1,temperature_1,0.004106982788429351
61-70,exact_bose_einstein,1,U_1,U_1,0.9999999999999999
61-70,tsallis,1,norm_1,norm_1,1.0
61-70,tsallis,1,norm_1,temperature_1,-0.9808687085574668
61-70,tsallis,1,norm_1,q_1,0.8490016977904783
61-70,tsallis,1,temperature_1,norm_1,-0.9808687085574668
61-70,tsallis,1,temperature_1,temperature_1,1.0000000000000002
61-70,tsallis,1,temperature_1,q_1,-0.9128285158111468
61-70,tsallis,1,q_1,norm_1,0.8490016977904783
61-70,tsallis,1,q_1,temperature_1,-0.9128285158111468
61-70,tsallis,1,q_1,q_1,1.0
61-70,blast_wave,1,norm_1,norm_1,1.0
61-70,blast_wave,1,norm_1,temperature_1,-0.9969780817917004
61-70,blast_wave,1,norm_1,beta_s_1,0.9358071480619907
61-70,blast_wave,1,norm_1,n_1,-0.9164874492563017
61-70,blast_wave,1,temperature_1,norm_1,-0.9969780817917004
61-70,blast_wave,1,temperature_1,temperature_1,1.0000000000000002
61-70,blast_wave,1,temperature_1,beta_s_1,-0.9334575162112299
61-70,blast_wave,1,temperature_1,n_1,0.934779054925108
61-70,blast_wave,1,beta_s_1,norm_1,0.9358071480619907
61-70,blast_wave,1,beta_s_1,temperature_1,-0.9334575162112299
61-70,blast_wave,1,beta_s_1,beta_s_1,1.0
61-70,blast_wave,1,beta_s_1,n_1,-0.773505908400468
61-70,blast_wave,1,n_1,norm_1,-0.9164874492563017
61-70,blast_wave,1,n_1,temperature_1,0.934779054925108
61-70,blast_wave,1,n_1,beta_s_1,-0.773505908400468
61-70,blast_wave,1,n_1,n_1,1.0
61-70,manuscript_juttner,2,norm_1,norm_1,1.0
61-70,manuscript_juttner,2,norm_1,temperature_1,-0.7817434763838887
61-70,manuscript_juttner,2,norm_1,U_1,0.01085976480548035
61-70,manuscript_juttner,2,norm_1,norm_2,0.7312094289366718
61-70,manuscript_juttner,2,norm_1,temperature_2,-0.5662063374462557
61-70,manuscript_juttner,2,norm_1,U_2,-0.041717547742236065
61-70,manuscript_juttner,2,temperature_1,norm_1,-0.7817434763838887
61-70,manuscript_juttner,2,temperature_1,temperature_1,0.9999999999999998
61-70,manuscript_juttner,2,temperature_1,U_1,0.6051730044049389
61-70,manuscript_juttner,2,temperature_1,norm_2,-0.575764386400541
61-70,manuscript_juttner,2,temperature_1,temperature_2,0.44615003845568446
61-70,manuscript_juttner,2,temperature_1,U_2,0.03282090237450296
61-70,manuscript_juttner,2,U_1,norm_1,0.01085976480548035
61-70,manuscript_juttner,2,U_1,temperature_1,0.6051730044049389
61-70,manuscript_juttner,2,U_1,U_1,1.0000000000000002
61-70,manuscript_juttner,2,U_1,norm_2,-0.015689163605841105
61-70,manuscript_juttner,2,U_1,temperature_2,0.01142896788244122
61-70,manuscript_juttner,2,U_1,U_2,0.0008539540237641657
61-70,manuscript_juttner,2,norm_2,norm_1,0.7312094289366718
61-70,manuscript_juttner,2,norm_2,temperature_1,-0.575764386400541
61-70,manuscript_juttner,2,norm_2,U_1,-0.015689163605841105
61-70,manuscript_juttner,2,norm_2,norm_2,1.0
61-70,manuscript_juttner,2,norm_2,temperature_2,-0.5952167472045458
61-70,manuscript_juttner,2,norm_2,U_2,0.067483764635903
61-70,manuscript_juttner,2,temperature_2,norm_1,-0.5662063374462557
61-70,manuscript_juttner,2,temperature_2,temperature_1,0.44615003845568446
61-70,manuscript_juttner,2,temperature_2,U_1,0.01142896788244122
61-70,manuscript_juttner,2,temperature_2,norm_2,-0.5952167472045458
61-70,manuscript_juttner,2,temperature_2,temperature_2,1.0
61-70,manuscript_juttner,2,temperature_2,U_2,0.7515856237347982
61-70,manuscript_juttner,2,U_2,norm_1,-0.041717547742236065
61-70,manuscript_juttner,2,U_2,temperature_1,0.03282090237450296
61-70,manuscript_juttner,2,U_2,U_1,0.0008539540237641657
61-70,manuscript_juttner,2,U_2,norm_2,0.067483764635903
61-70,manuscript_juttner,2,U_2,temperature_2,0.7515856237347982
61-70,manuscript_juttner,2,U_2,U_2,0.9999999999999999
61-70,exact_bose_einstein,2,norm_1,norm_1,0.9999999999999999
61-70,exact_bose_einstein,2,norm_1,temperature_1,-0.28383350444240546
61-70,exact_bose_einstein,2,norm_1,U_1,0.063234029638216
61-70,exact_bose_einstein,2,norm_1,norm_2,0.6762785197012342
61-70,exact_bose_einstein,2,norm_1,temperature_2,-0.3345738976373515
61-70,exact_bose_einstein,2,norm_1,U_2,-0.052017056438653626
61-70,exact_bose_einstein,2,temperature_1,norm_1,-0.28383350444240546
61-70,exact_bose_einstein,2,temperature_1,temperature_1,0.9999999999999999
61-70,exact_bose_einstein,2,temperature_1,U_1,0.9376198588707477
61-70,exact_bose_einstein,2,temperature_1,norm_2,-0.26326773017151023
61-70,exact_bose_einstein,2,temperature_1,temperature_2,0.129392124599421
61-70,exact_bose_einstein,2,temperature_1,U_2,0.02018824352487587
61-70,exact_bose_einstein,2,U_1,norm_1,0.063234029638216
61-70,exact_bose_einstein,2,U_1,temperature_1,0.9376198588707477
61-70,exact_bose_einstein,2,U_1,U_1,1.0
61-70,exact_bose_einstein,2,U_1,norm_2,-0.03736558635772306
61-70,exact_bose_einstein,2,U_1,temperature_2,0.017381632624254777
61-70,exact_bose_einstein,2,U_1,U_2,0.0028358015540864527
61-70,exact_bose_einstein,2,norm_2,norm_1,0.6762785197012342
61-70,exact_bose_einstein,2,norm_2,temperature_1,-0.26326773017151023
61-70,exact_bose_einstein,2,norm_2,U_1,-0.03736558635772306
61-70,exact_bose_einstein,2,norm_2,norm_2,0.9999999999999998
61-70,exact_bose_einstein,2,norm_2,temperature_2,-0.17757571230114666
61-70,exact_bose_einstein,2,norm_2,U_2,0.1903731541934455
61-70,exact_bose_einstein,2,temperature_2,norm_1,-0.3345738976373515
61-70,exact_bose_einstein,2,temperature_2,temperature_1,0.129392124599421
61-70,exact_bose_einstein,2,temperature_2,U_1,0.017381632624254777
61-70,exact_bose_einstein,2,temperature_2,norm_2,-0.17757571230114666
61-70,exact_bose_einstein,2,temperature_2,temperature_2,1.0
61-70,exact_bose_einstein,2,temperature_2,U_2,0.9298360753770756
61-70,exact_bose_einstein,2,U_2,norm_1,-0.052017056438653626
61-70,exact_bose_einstein,2,U_2,temperature_1,0.02018824352487587
61-70,exact_bose_einstein,2,U_2,U_1,0.0028358015540864527
61-70,exact_bose_einstein,2,U_2,norm_2,0.1903731541934455
61-70,exact_bose_einstein,2,U_2,temperature_2,0.9298360753770756
61-70,exact_bose_einstein,2,U_2,U_2,1.0
61-70,tsallis,2,norm_1,norm_1,0.9999999999999999
61-70,tsallis,2,norm_1,temperature_1,-0.04805240900408292
61-70,tsallis,2,norm_1,q_1,-0.015329894309078704
61-70,tsallis,2,norm_1,norm_2,-9.277766981253332e-05
61-70,tsallis,2,norm_1,temperature_2,9.254519232722446e-05
61-70,tsallis,2,norm_1,q_2,9.196760311689025e-05
61-70,tsallis,2,temperature_1,norm_1,-0.04805240900408292
61-70,tsallis,2,temperature_1,temperature_1,1.0
61-70,tsallis,2,temperature_1,q_1,-0.36214253002293767
61-70,tsallis,2,temperature_1,norm_2,-0.0004718454839840461
61-70,tsallis,2,temperature_1,temperature_2,0.00046907618402426975
61-70,tsallis,2,temperature_1,q_2,0.00046736302940593774
61-70,tsallis,2,q_1,norm_1,-0.015329894309078704
61-70,tsallis,2,q_1,temperature_1,-0.36214253002293767
61-70,tsallis,2,q_1,q_1,1.0
61-70,tsallis,2,q_1,norm_2,0.0012733713977632563
61-70,tsallis,2,q_1,temperature_2,-0.001275528536140373
61-70,tsallis,2,q_1,q_2,-0.0012648012867066784
61-70,tsallis,2,norm_2,norm_1,-9.277766981253332e-05
61-70,tsallis,2,norm_2,temperature_1,-0.0004718454839840461
61-70,tsallis,2,norm_2,q_1,0.0012733713977632563
61-70,tsallis,2,norm_2,norm_2,1.0
61-70,tsallis,2,norm_2,temperature_2,-0.9981191682371626
61-70,tsallis,2,norm_2,q_2,-0.9911378759287132
61-70,tsallis,2,temperature_2,norm_1,9.254519232722446e-05
61-70,tsallis,2,temperature_2,temperature_1,0.00046907618402426975
61-70,tsallis,2,temperature_2,q_1,-0.001275528536140373
61-70,tsallis,2,temperature_2,norm_2,-0.9981191682371626
61-70,tsallis,2,temperature_2,temperature_2,1.0
61-70,tsallis,2,temperature_2,q_2,0.9887756541612517
61-70,tsallis,2,q_2,norm_1,9.196760311689025e-05
61-70,tsallis,2,q_2,temperature_1,0.00046736302940593774
61-70,tsallis,2,q_2,q_1,-0.0012648012867066784
61-70,tsallis,2,q_2,norm_2,-0.9911378759287132
61-70,tsallis,2,q_2,temperature_2,0.9887756541612517
61-70,tsallis,2,q_2,q_2,0.9999999999999999
71-80,manuscript_juttner,1,norm_1,norm_1,0.9999999999999999
71-80,manuscript_juttner,1,norm_1,temperature_1,-0.9828824065459547
71-80,manuscript_juttner,1,norm_1,U_1,-0.000682061277150101
71-80,manuscript_juttner,1,temperature_1,norm_1,-0.9828824065459547
71-80,manuscript_juttner,1,temperature_1,temperature_1,0.9999999999999999
71-80,manuscript_juttner,1,temperature_1,U_1,-0.019390811550223416
71-80,manuscript_juttner,1,U_1,norm_1,-0.000682061277150101
71-80,manuscript_juttner,1,U_1,temperature_1,-0.019390811550223416
71-80,manuscript_juttner,1,U_1,U_1,0.9999999999999999
71-80,exact_bose_einstein,1,norm_1,norm_1,1.0
71-80,exact_bose_einstein,1,norm_1,temperature_1,-0.9786267669164558
71-80,exact_bose_einstein,1,norm_1,U_1,-0.0015672298198924452
71-80,exact_bose_einstein,1,temperature_1,norm_1,-0.9786267669164558
71-80,exact_bose_einstein,1,temperature_1,temperature_1,1.0000000000000002
71-80,exact_bose_einstein,1,temperature_1,U_1,-0.033244005296807135
71-80,exact_bose_einstein,1,U_1,norm_1,-0.0015672298198924452
71-80,exact_bose_einstein,1,U_1,temperature_1,-0.033244005296807135
71-80,exact_bose_einstein,1,U_1,U_1,1.0
71-80,tsallis,1,norm_1,norm_1,1.0000000000000002
71-80,tsallis,1,norm_1,temperature_1,-0.9814521194130059
71-80,tsallis,1,norm_1,q_1,0.8505978279286074
71-80,tsallis,1,temperature_1,norm_1,-0.9814521194130059
71-80,tsallis,1,temperature_1,temperature_1,0.9999999999999999
71-80,tsallis,1,temperature_1,q_1,-0.9129950278861372
71-80,tsallis,1,q_1,norm_1,0.8505978279286074
71-80,tsallis,1,q_1,temperature_1,-0.9129950278861372
71-80,tsallis,1,q_1,q_1,1.0
71-80,blast_wave,1,norm_1,norm_1,1.0
71-80,blast_wave,1,norm_1,temperature_1,-0.998083030036271
71-80,blast_wave,1,norm_1,beta_s_1,0.9656794299641268
71-80,blast_wave,1,norm_1,n_1,-0.9420125714294431
71-80,blast_wave,1,temperature_1,norm_1,-0.998083030036271
71-80,blast_wave,1,temperature_1,temperature_1,1.0000000000000002
71-80,blast_wave,1,temperature_1,beta_s_1,-0.9645565794196811
71-80,blast_wave,1,temperature_1,n_1,0.954562305747841
71-80,blast_wave,1,beta_s_1,norm_1,0.9656794299641268
71-80,blast_wave,1,beta_s_1,temperature_1,-0.9645565794196811
71-80,blast_wave,1,beta_s_1,beta_s_1,1.0000000000000002
71-80,blast_wave,1,beta_s_1,n_1,-0.8614348583174763
71-80,blast_wave,1,n_1,norm_1,-0.9420125714294431
71-80,blast_wave,1,n_1,temperature_1,0.954562305747841
71-80,blast_wave,1,n_1,beta_s_1,-0.8614348583174763
71-80,blast_wave,1,n_1,n_1,1.0000000000000002
71-80,manuscript_juttner,2,norm_1,norm_1,1.0
71-80,manuscript_juttner,2,norm_1,temperature_1,-0.6427892895914491
71-80,manuscript_juttner,2,norm_1,U_1,0.024794463456840242
71-80,manuscript_juttner,2,norm_1,norm_2,0.7192363464737634
71-80,manuscript_juttner,2,norm_1,temperature_2,-0.4778061060258209
71-80,manuscript_juttner,2,norm_1,U_2,-0.053961738626774045
71-80,manuscript_juttner,2,temperature_1,norm_1,-0.6427892895914491
71-80,manuscript_juttner,2,temperature_1,temperature_1,1.0000000000000002
71-80,manuscript_juttner,2,temperature_1,U_1,0.7436614043040294
71-80,manuscript_juttner,2,temperature_1,norm_2,-0.4798724878497225
71-80,manuscript_juttner,2,temperature_1,temperature_2,0.31860981427178836
71-80,manuscript_juttner,2,temperature_1,U_2,0.03593330517162563
71-80,manuscript_juttner,2,U_1,norm_1,0.024794463456840242
71-80,manuscript_juttner,2,U_1,temperature_1,0.7436614043040294
71-80,manuscript_juttner,2,U_1,U_1,0.9999999999999999
71-80,manuscript_juttner,2,U_1,norm_2,-0.01764993129475633
71-80,manuscript_juttner,2,U_1,temperature_2,0.010710641071469643
71-80,manuscript_juttner,2,U_1,U_2,0.0012426882522750572
71-80,manuscript_juttner,2,norm_2,norm_1,0.7192363464737634
71-80,manuscript_juttner,2,norm_2,temperature_1,-0.4798724878497225
71-80,manuscript_juttner,2,norm_2,U_1,-0.01764993129475633
71-80,manuscript_juttner,2,norm_2,norm_2,1.0
71-80,manuscript_juttner,2,norm_2,temperature_2,-0.4343435602019135
71-80,manuscript_juttner,2,norm_2,U_2,0.10278780159814158
71-80,manuscript_juttner,2,temperature_2,norm_1,-0.4778061060258209
71-80,manuscript_juttner,2,temperature_2,temperature_1,0.31860981427178836
71-80,manuscript_juttner,2,temperature_2,U_1,0.010710641071469643
71-80,manuscript_juttner,2,temperature_2,norm_2,-0.4343435602019135
71-80,manuscript_juttner,2,temperature_2,temperature_2,1.0000000000000002
71-80,manuscript_juttner,2,temperature_2,U_2,0.8451282122926664
71-80,manuscript_juttner,2,U_2,norm_1,-0.053961738626774045
71-80,manuscript_juttner,2,U_2,temperature_1,0.03593330517162563
71-80,manuscript_juttner,2,U_2,U_1,0.0012426882522750572
71-80,manuscript_juttner,2,U_2,norm_2,0.10278780159814158
71-80,manuscript_juttner,2,U_2,temperature_2,0.8451282122926664
71-80,manuscript_juttner,2,U_2,U_2,1.0
71-80,exact_bose_einstein,2,norm_1,norm_1,0.9999999999999999
71-80,exact_bose_einstein,2,norm_1,temperature_1,-0.7244310408923339
71-80,exact_bose_einstein,2,norm_1,U_1,0.012277207583348975
71-80,exact_bose_einstein,2,norm_1,norm_2,0.6247299385406131
71-80,exact_bose_einstein,2,norm_1,temperature_2,-0.3147953537866362
71-80,exact_bose_einstein,2,norm_1,U_2,-0.1194064383109389
71-80,exact_bose_einstein,2,temperature_1,norm_1,-0.7244310408923339
71-80,exact_bose_einstein,2,temperature_1,temperature_1,1.0
71-80,exact_bose_einstein,2,temperature_1,U_1,0.6726093712392681
71-80,exact_bose_einstein,2,temperature_1,norm_2,-0.4596258229219131
71-80,exact_bose_einstein,2,temperature_1,temperature_2,0.23158140435835142
71-80,exact_bose_einstein,2,temperature_1,U_2,0.08769938675558488
71-80,exact_bose_einstein,2,U_1,norm_1,0.012277207583348975
71-80,exact_bose_einstein,2,U_1,temperature_1,0.6726093712392681
71-80,exact_bose_einstein,2,U_1,U_1,1.0
71-80,exact_bose_einstein,2,U_1,norm_2,-0.016804636222167903
71-80,exact_bose_einstein,2,U_1,temperature_2,0.00814544368434264
71-80,exact_bose_einstein,2,U_1,U_2,0.00315194508381434
71-80,exact_bose_einstein,2,norm_2,norm_1,0.6247299385406131
71-80,exact_bose_einstein,2,norm_2,temperature_1,-0.4596258229219131
71-80,exact_bose_einstein,2,norm_2,U_1,-0.016804636222167903
71-80,exact_bose_einstein,2,norm_2,norm_2,1.0000000000000002
71-80,exact_bose_einstein,2,norm_2,temperature_2,0.1591538470263357
71-80,exact_bose_einstein,2,norm_2,U_2,0.39403067966820904
71-80,exact_bose_einstein,2,temperature_2,norm_1,-0.3147953537866362
71-80,exact_bose_einstein,2,temperature_2,temperature_1,0.23158140435835142
71-80,exact_bose_einstein,2,temperature_2,U_1,0.00814544368434264
71-80,exact_bose_einstein,2,temperature_2,norm_2,0.1591538470263357
71-80,exact_bose_einstein,2,temperature_2,temperature_2,1.0
71-80,exact_bose_einstein,2,temperature_2,U_2,0.9691063722735473
71-80,exact_bose_einstein,2,U_2,norm_1,-0.1194064383109389
71-80,exact_bose_einstein,2,U_2,temperature_1,0.08769938675558488
71-80,exact_bose_einstein,2,U_2,U_1,0.00315194508381434
71-80,exact_bose_einstein,2,U_2,norm_2,0.39403067966820904
71-80,exact_bose_einstein,2,U_2,temperature_2,0.9691063722735473
71-80,exact_bose_einstein,2,U_2,U_2,1.0
71-80,tsallis,2,norm_1,norm_1,0.9999999999999999
71-80,tsallis,2,norm_1,temperature_1,-0.9875583134917412
71-80,tsallis,2,norm_1,q_1,0.8929407290858464
71-80,tsallis,2,norm_1,norm_2,-0.3440061126922293
71-80,tsallis,2,norm_1,temperature_2,0.3563687716325532
71-80,tsallis,2,norm_1,q_2,-0.572394362503489
71-80,tsallis,2,temperature_1,norm_1,-0.9875583134917412
71-80,tsallis,2,temperature_1,temperature_1,1.0
71-80,tsallis,2,temperature_1,q_1,-0.9448134971804468
71-80,tsallis,2,temperature_1,norm_2,0.283091442231262
71-80,tsallis,2,temperature_1,temperature_2,-0.29095302082637636
71-80,tsallis,2,temperature_1,q_2,0.498381458196672
71-80,tsallis,2,q_1,norm_1,0.8929407290858464
71-80,tsallis,2,q_1,temperature_1,-0.9448134971804468
71-80,tsallis,2,q_1,q_1,1.0
71-80,tsallis,2,q_1,norm_2,-0.17337584638258396
71-80,tsallis,2,q_1,temperature_2,0.1739366681893012
71-80,tsallis,2,q_1,q_2,-0.3513886116613056
71-80,tsallis,2,norm_2,norm_1,-0.3440061126922293
71-80,tsallis,2,norm_2,temperature_1,0.283091442231262
71-80,tsallis,2,norm_2,q_1,-0.17337584638258396
71-80,tsallis,2,norm_2,norm_2,1.0
71-80,tsallis,2,norm_2,temperature_2,-0.9953768815552391
71-80,tsallis,2,norm_2,q_2,0.929540771261557
71-80,tsallis,2,temperature_2,norm_1,0.3563687716325532
71-80,tsallis,2,temperature_2,temperature_1,-0.29095302082637636
71-80,tsallis,2,temperature_2,q_1,0.1739366681893012
71-80,tsallis,2,temperature_2,norm_2,-0.9953768815552391
71-80,tsallis,2,temperature_2,temperature_2,1.0
71-80,tsallis,2,temperature_2,q_2,-0.9509559836500959
71-80,tsallis,2,q_2,norm_1,-0.572394362503489
71-80,tsallis,2,q_2,temperature_1,0.498381458196672
71-80,tsallis,2,q_2,q_1,-0.3513886116613056
71-80,tsallis,2,q_2,norm_2,0.929540771261557
71-80,tsallis,2,q_2,temperature_2,-0.9509559836500959
71-80,tsallis,2,q_2,q_2,0.9999999999999998
81-90,manuscript_juttner,1,norm_1,norm_1,0.9999999999999998
81-90,manuscript_juttner,1,norm_1,temperature_1,-0.9822517367729783
81-90,manuscript_juttner,1,norm_1,U_1,-0.000714772501201945
81-90,manuscript_juttner,1,temperature_1,norm_1,-0.9822517367729783
81-90,manuscript_juttner,1,temperature_1,temperature_1,1.0000000000000002
81-90,manuscript_juttner,1,temperature_1,U_1,-0.01916983569147719
81-90,manuscript_juttner,1,U_1,norm_1,-0.000714772501201945
81-90,manuscript_juttner,1,U_1,temperature_1,-0.01916983569147719
81-90,manuscript_juttner,1,U_1,U_1,1.0
81-90,exact_bose_einstein,1,norm_1,norm_1,1.0
81-90,exact_bose_einstein,1,norm_1,temperature_1,-0.9778226414625533
81-90,exact_bose_einstein,1,norm_1,U_1,-0.0015873091160420135
81-90,exact_bose_einstein,1,temperature_1,norm_1,-0.9778226414625533
81-90,exact_bose_einstein,1,temperature_1,temperature_1,0.9999999999999998
81-90,exact_bose_einstein,1,temperature_1,U_1,-0.03229531009710798
81-90,exact_bose_einstein,1,U_1,norm_1,-0.0015873091160420135
81-90,exact_bose_einstein,1,U_1,temperature_1,-0.03229531009710798
81-90,exact_bose_einstein,1,U_1,U_1,1.0
81-90,tsallis,1,norm_1,norm_1,1.0
81-90,tsallis,1,norm_1,temperature_1,-0.982120571790947
81-90,tsallis,1,norm_1,q_1,0.850507163466151
81-90,tsallis,1,temperature_1,norm_1,-0.982120571790947
81-90,tsallis,1,temperature_1,temperature_1,1.0000000000000002
81-90,tsallis,1,temperature_1,q_1,-0.9117248809713908
81-90,tsallis,1,q_1,norm_1,0.850507163466151
81-90,tsallis,1,q_1,temperature_1,-0.9117248809713908
81-90,tsallis,1,q_1,q_1,1.0
81-90,blast_wave,1,norm_1,norm_1,1.0
81-90,blast_wave,1,norm_1,temperature_1,-0.9996727560838782
81-90,blast_wave,1,norm_1,beta_s_1,0.9954551599547419
81-90,blast_wave,1,norm_1,n_1,-0.9881297467545036
81-90,blast_wave,1,temperature_1,norm_1,-0.9996727560838782
81-90,blast_wave,1,temperature_1,temperature_1,1.0
81-90,blast_wave,1,temperature_1,beta_s_1,-0.9953238681836887
81-90,blast_wave,1,temperature_1,n_1,0.9906400472383483
81-90,blast_wave,1,beta_s_1,norm_1,0.9954551599547419
81-90,blast_wave,1,beta_s_1,temperature_1,-0.9953238681836887
81-90,blast_wave,1,beta_s_1,beta_s_1,1.0
81-90,blast_wave,1,beta_s_1,n_1,-0.9766114883157162
81-90,blast_wave,1,n_1,norm_1,-0.9881297467545036
81-90,blast_wave,1,n_1,temperature_1,0.9906400472383483
81-90,blast_wave,1,n_1,beta_s_1,-0.9766114883157162
81-90,blast_wave,1,n_1,n_1,0.9999999999999999
81-90,manuscript_juttner,2,norm_1,norm_1,1.0000000000000002
81-90,manuscript_juttner,2,norm_1,temperature_1,-0.7613457911216714
81-90,manuscript_juttner,2,norm_1,U_1,0.002768347650294537
81-90,manuscript_juttner,2,norm_1,norm_2,0.7631408346278847
81-90,manuscript_juttner,2,norm_1,temperature_2,-0.7453125503660238
81-90,manuscript_juttner,2,norm_1,U_2,-0.020990696745936226
81-90,manuscript_juttner,2,temperature_1,norm_1,-0.7613457911216714
81-90,manuscript_juttner,2,temperature_1,temperature_1,1.0
81-90,manuscript_juttner,2,temperature_1,U_1,0.6375272578880425
81-90,manuscript_juttner,2,temperature_1,norm_2,-0.5886283999033598
81-90,manuscript_juttner,2,temperature_1,temperature_2,0.5751705960925412
81-90,manuscript_juttner,2,temperature_1,U_2,0.016172698624742986
81-90,manuscript_juttner,2,U_1,norm_1,0.002768347650294537
81-90,manuscript_juttner,2,U_1,temperature_1,0.6375272578880425
81-90,manuscript_juttner,2,U_1,U_1,0.9999999999999999
81-90,manuscript_juttner,2,U_1,norm_2,-0.026026646240272216
81-90,manuscript_juttner,2,U_1,temperature_2,0.024133270116337976
81-90,manuscript_juttner,2,U_1,U_2,0.0006910220966600361
81-90,manuscript_juttner,2,norm_2,norm_1,0.7631408346278847
81-90,manuscript_juttner,2,norm_2,temperature_1,-0.5886283999033598
81-90,manuscript_juttner,2,norm_2,U_1,-0.026026646240272216
81-90,manuscript_juttner,2,norm_2,norm_2,1.0
81-90,manuscript_juttner,2,norm_2,temperature_2,-0.8408317366051774
81-90,manuscript_juttner,2,norm_2,U_2,0.03328279998873544
81-90,manuscript_juttner,2,temperature_2,norm_1,-0.7453125503660238
81-90,manuscript_juttner,2,temperature_2,temperature_1,0.5751705960925412
81-90,manuscript_juttner,2,temperature_2,U_1,0.024133270116337976
81-90,manuscript_juttner,2,temperature_2,norm_2,-0.8408317366051774
81-90,manuscript_juttner,2,temperature_2,temperature_2,1.0000000000000002
81-90,manuscript_juttner,2,temperature_2,U_2,0.4859394582365976
81-90,manuscript_juttner,2,U_2,norm_1,-0.020990696745936226
81-90,manuscript_juttner,2,U_2,temperature_1,0.016172698624742986
81-90,manuscript_juttner,2,U_2,U_1,0.0006910220966600361
81-90,manuscript_juttner,2,U_2,norm_2,0.03328279998873544
81-90,manuscript_juttner,2,U_2,temperature_2,0.4859394582365976
81-90,manuscript_juttner,2,U_2,U_2,1.0
81-90,exact_bose_einstein,2,norm_1,norm_1,1.0
81-90,exact_bose_einstein,2,norm_1,temperature_1,-0.845273795242748
81-90,exact_bose_einstein,2,norm_1,U_1,0.012992573911702608
81-90,exact_bose_einstein,2,norm_1,norm_2,0.4411199946693705
81-90,exact_bose_einstein,2,norm_1,temperature_2,-0.31244019761915204
81-90,exact_bose_einstein,2,norm_1,U_2,-0.18546605818819614
81-90,exact_bose_einstein,2,temperature_1,norm_1,-0.845273795242748
81-90,exact_bose_einstein,2,temperature_1,temperature_1,0.9999999999999998
81-90,exact_bose_einstein,2,temperature_1,U_1,0.5091884388860981
81-90,exact_bose_einstein,2,temperature_1,norm_2,-0.3707245999628917
81-90,exact_bose_einstein,2,temperature_1,temperature_2,0.2623385964616813
81-90,exact_bose_einstein,2,temperature_1,U_2,0.15546757441990314
81-90,exact_bose_einstein,2,U_1,norm_1,0.012992573911702608
81-90,exact_bose_einstein,2,U_1,temperature_1,0.5091884388860981
81-90,exact_bose_einstein,2,U_1,U_1,0.9999999999999998
81-90,exact_bose_einstein,2,U_1,norm_2,-0.005720833414873645
81-90,exact_bose_einstein,2,U_1,temperature_2,0.003873988466672491
81-90,exact_bose_einstein,2,U_1,U_2,0.0023571877751860587
81-90,exact_bose_einstein,2,norm_2,norm_1,0.4411199946693705
81-90,exact_bose_einstein,2,norm_2,temperature_1,-0.3707245999628917
81-90,exact_bose_einstein,2,norm_2,U_1,-0.005720833414873645
81-90,exact_bose_einstein,2,norm_2,norm_2,1.0
81-90,exact_bose_einstein,2,norm_2,temperature_2,0.510968607853806
81-90,exact_bose_einstein,2,norm_2,U_2,0.6398932294737607
81-90,exact_bose_einstein,2,temperature_2,norm_1,-0.31244019761915204
81-90,exact_bose_einstein,2,temperature_2,temperature_1,0.2623385964616813
81-90,exact_bose_einstein,2,temperature_2,U_1,0.003873988466672491
81-90,exact_bose_einstein,2,temperature_2,norm_2,0.510968607853806
81-90,exact_bose_einstein,2,temperature_2,temperature_2,1.0
81-90,exact_bose_einstein,2,temperature_2,U_2,0.9871124943956794
81-90,exact_bose_einstein,2,U_2,norm_1,-0.18546605818819614
81-90,exact_bose_einstein,2,U_2,temperature_1,0.15546757441990314
81-90,exact_bose_einstein,2,U_2,U_1,0.0023571877751860587
81-90,exact_bose_einstein,2,U_2,norm_2,0.6398932294737607
81-90,exact_bose_einstein,2,U_2,temperature_2,0.9871124943956794
81-90,exact_bose_einstein,2,U_2,U_2,1.0
81-90,tsallis,2,norm_1,norm_1,1.0000000000000002
81-90,tsallis,2,norm_1,temperature_1,-0.025708957839380372
81-90,tsallis,2,norm_1,q_1,-0.015268171124827942
81-90,tsallis,2,norm_1,norm_2,0.00011542951616796932
81-90,tsallis,2,norm_1,temperature_2,-0.00011590662925536969
81-90,tsallis,2,norm_1,q_2,-0.00011508934763720019
81-90,tsallis,2,temperature_1,norm_1,-0.025708957839380372
81-90,tsallis,2,temperature_1,temperature_1,1.0
81-90,tsallis,2,temperature_1,q_1,-0.020604326958838903
81-90,tsallis,2,temperature_1,norm_2,0.0002139774021357557
81-90,tsallis,2,temperature_1,temperature_2,-0.00021466716996880586
81-90,tsallis,2,temperature_1,q_2,-0.00021328618595195116
81-90,tsallis,2,q_1,norm_1,-0.015268171124827942
81-90,tsallis,2,q_1,temperature_1,-0.020604326958838903
81-90,tsallis,2,q_1,q_1,0.9999999999999998
81-90,tsallis,2,q_1,norm_2,0.0005214846720654142
81-90,tsallis,2,q_1,temperature_2,-0.0005225267304558248
81-90,tsallis,2,q_1,q_2,-0.0005198574580467169
81-90,tsallis,2,norm_2,norm_1,0.00011542951616796932
81-90,tsallis,2,norm_2,temperature_1,0.0002139774021357557
81-90,tsallis,2,norm_2,q_1,0.0005214846720654142
81-90,tsallis,2,norm_2,norm_2,1.0
81-90,tsallis,2,norm_2,temperature_2,-0.9978851649856723
81-90,tsallis,2,norm_2,q_2,-0.9932944464823048
81-90,tsallis,2,temperature_2,norm_1,-0.00011590662925536969
81-90,tsallis,2,temperature_2,temperature_1,-0.00021466716996880586
81-90,tsallis,2,temperature_2,q_1,-0.0005225267304558248
81-90,tsallis,2,temperature_2,norm_2,-0.9978851649856723
81-90,tsallis,2,temperature_2,temperature_2,0.9999999999999999
81-90,tsallis,2,temperature_2,q_2,0.9889685736401413
81-90,tsallis,2,q_2,norm_1,-0.00011508934763720019
81-90,tsallis,2,q_2,temperature_1,-0.00021328618595195116
81-90,tsallis,2,q_2,q_1,-0.0005198574580467169
81-90,tsallis,2,q_2,norm_2,-0.9932944464823048
81-90,tsallis,2,q_2,temperature_2,0.9889685736401413
81-90,tsallis,2,q_2,q_2,0.9999999999999999
91-100,manuscript_juttner,1,norm_1,norm_1,0.9999999999999998
91-100,manuscript_juttner,1,norm_1,temperature_1,-0.9822027886128127
91-100,manuscript_juttner,1,norm_1,U_1,0.0007797006698810616
91-100,manuscript_juttner,1,temperature_1,norm_1,-0.9822027886128127
91-100,manuscript_juttner,1,temperature_1,temperature_1,1.0000000000000002
91-100,manuscript_juttner,1,temperature_1,U_1,0.020213486506568828
91-100,manuscript_juttner,1,U_1,norm_1,0.0007797006698810616
91-100,manuscript_juttner,1,U_1,temperature_1,0.020213486506568828
91-100,manuscript_juttner,1,U_1,U_1,1.0
91-100,exact_bose_einstein,1,norm_1,norm_1,1.0
91-100,exact_bose_einstein,1,norm_1,temperature_1,-0.977921091042286
91-100,exact_bose_einstein,1,norm_1,U_1,0.00010299626648295148
91-100,exact_bose_einstein,1,temperature_1,norm_1,-0.977921091042286
91-100,exact_bose_einstein,1,temperature_1,temperature_1,1.0
91-100,exact_bose_einstein,1,temperature_1,U_1,0.0016354869947460221
91-100,exact_bose_einstein,1,U_1,norm_1,0.00010299626648295148
91-100,exact_bose_einstein,1,U_1,temperature_1,0.0016354869947460221
91-100,exact_bose_einstein,1,U_1,U_1,1.0
91-100,tsallis,1,norm_1,norm_1,1.0000000000000002
91-100,tsallis,1,norm_1,temperature_1,-0.9830855867816085
91-100,tsallis,1,norm_1,q_1,0.849581128298488
91-100,tsallis,1,temperature_1,norm_1,-0.9830855867816085
91-100,tsallis,1,temperature_1,temperature_1,1.0000000000000002
91-100,tsallis,1,temperature_1,q_1,-0.909230675855959
91-100,tsallis,1,q_1,norm_1,0.849581128298488
91-100,tsallis,1,q_1,temperature_1,-0.909230675855959
91-100,tsallis,1,q_1,q_1,1.0
91-100,blast_wave,1,norm_1,norm_1,1.0
91-100,blast_wave,1,norm_1,temperature_1,-0.999971648609595
91-100,blast_wave,1,norm_1,beta_s_1,0.9996653258257548
91-100,blast_wave,1,norm_1,n_1,-0.998739872970369
91-100,blast_wave,1,temperature_1,norm_1,-0.999971648609595
91-100,blast_wave,1,temperature_1,temperature_1,1.0
91-100,blast_wave,1,temperature_1,beta_s_1,-0.9996557230307568
91-100,blast_wave,1,temperature_1,n_1,0.9989976185919625
91-100,blast_wave,1,beta_s_1,norm_1,0.9996653258257548
91-100,blast_wave,1,beta_s_1,temperature_1,-0.9996557230307568
91-100,blast_wave,1,beta_s_1,beta_s_1,1.0
91-100,blast_wave,1,beta_s_1,n_1,-0.9978784006969402
91-100,blast_wave,1,n_1,norm_1,-0.998739872970369
91-100,blast_wave,1,n_1,temperature_1,0.9989976185919625
91-100,blast_wave,1,n_1,beta_s_1,-0.9978784006969402
91-100,blast_wave,1,n_1,n_1,1.0
91-100,manuscript_juttner,2,norm_1,norm_1,0.9999999999999999
91-100,manuscript_juttner,2,norm_1,temperature_1,-0.32689738896681253
91-100,manuscript_juttner,2,norm_1,U_1,0.36626046965596337
91-100,manuscript_juttner,2,norm_1,norm_2,0.5679461013347868
91-100,manuscript_juttner,2,norm_1,temperature_2,0.11588568374854853
91-100,manuscript_juttner,2,norm_1,U_2,0.38702841239228736
91-100,manuscript_juttner,2,temperature_1,norm_1,-0.32689738896681253
91-100,manuscript_juttner,2,temperature_1,temperature_1,1.0
91-100,manuscript_juttner,2,temperature_1,U_1,0.7462935311061198
91-100,manuscript_juttner,2,temperature_1,norm_2,-0.21153064872745392
91-100,manuscript_juttner,2,temperature_1,temperature_2,-0.043023940450337125
91-100,manuscript_juttner,2,temperature_1,U_2,-0.14370764312167061
91-100,manuscript_juttner,2,U_1,norm_1,0.36626046965596337
91-100,manuscript_juttner,2,U_1,temperature_1,0.7462935311061198
91-100,manuscript_juttner,2,U_1,U_1,1.0000000000000002
91-100,manuscript_juttner,2,U_1,norm_2,0.16183135600956555
91-100,manuscript_juttner,2,U_1,temperature_2,0.03390599753827193
91-100,manuscript_juttner,2,U_1,U_2,0.11254261183859104
91-100,manuscript_juttner,2,norm_2,norm_1,0.5679461013347868
91-100,manuscript_juttner,2,norm_2,temperature_1,-0.21153064872745392
91-100,manuscript_juttner,2,norm_2,U_1,0.16183135600956555
91-100,manuscript_juttner,2,norm_2,norm_2,0.9999999999999999
91-100,manuscript_juttner,2,norm_2,temperature_2,0.3337538809443194
91-100,manuscript_juttner,2,norm_2,U_2,0.6826749814256925
91-100,manuscript_juttner,2,temperature_2,norm_1,0.11588568374854853
91-100,manuscript_juttner,2,temperature_2,temperature_1,-0.043023940450337125
91-100,manuscript_juttner,2,temperature_2,U_1,0.03390599753827193
91-100,manuscript_juttner,2,temperature_2,norm_2,0.3337538809443194
91-100,manuscript_juttner,2,temperature_2,temperature_2,1.0
91-100,manuscript_juttner,2,temperature_2,U_2,0.9098833532822952
91-100,manuscript_juttner,2,U_2,norm_1,0.38702841239228736
91-100,manuscript_juttner,2,U_2,temperature_1,-0.14370764312167061
91-100,manuscript_juttner,2,U_2,U_1,0.11254261183859104
91-100,manuscript_juttner,2,U_2,norm_2,0.6826749814256925
91-100,manuscript_juttner,2,U_2,temperature_2,0.9098833532822952
91-100,manuscript_juttner,2,U_2,U_2,1.0
91-100,exact_bose_einstein,2,norm_1,norm_1,0.9999999999999999
91-100,exact_bose_einstein,2,norm_1,temperature_1,-0.9634752506503448
91-100,exact_bose_einstein,2,norm_1,U_1,0.028461321640036747
91-100,exact_bose_einstein,2,norm_1,norm_2,0.6148860091344585
91-100,exact_bose_einstein,2,norm_1,temperature_2,-0.2958770266086459
91-100,exact_bose_einstein,2,norm_1,U_2,0.12882642801220973
91-100,exact_bose_einstein,2,temperature_1,norm_1,-0.9634752506503448
91-100,exact_bose_einstein,2,temperature_1,temperature_1,1.0
91-100,exact_bose_einstein,2,temperature_1,U_1,0.17194329927976693
91-100,exact_bose_einstein,2,temperature_1,norm_2,-0.5714278003210351
91-100,exact_bose_einstein,2,temperature_1,temperature_2,0.2758613908852861
91-100,exact_bose_einstein,2,temperature_1,U_2,-0.1206329850453607
91-100,exact_bose_einstein,2,U_1,norm_1,0.028461321640036747
91-100,exact_bose_einstein,2,U_1,temperature_1,0.17194329927976693
91-100,exact_bose_einstein,2,U_1,U_1,0.9999999999999999
91-100,exact_bose_einstein,2,U_1,norm_2,0.01153541175555155
91-100,exact_bose_einstein,2,U_1,temperature_2,-0.005657523552285784
91-100,exact_bose_einstein,2,U_1,U_2,0.0024972351568525414
91-100,exact_bose_einstein,2,norm_2,norm_1,0.6148860091344585
91-100,exact_bose_einstein,2,norm_2,temperature_1,-0.5714278003210351
91-100,exact_bose_einstein,2,norm_2,U_1,0.01153541175555155
91-100,exact_bose_einstein,2,norm_2,norm_2,0.9999999999999999
91-100,exact_bose_einstein,2,norm_2,temperature_2,-0.03603060038721668
91-100,exact_bose_einstein,2,norm_2,U_2,0.49470350078825814
91-100,exact_bose_einstein,2,temperature_2,norm_1,-0.2958770266086459
91-100,exact_bose_einstein,2,temperature_2,temperature_1,0.2758613908852861
91-100,exact_bose_einstein,2,temperature_2,U_1,-0.005657523552285784
91-100,exact_bose_einstein,2,temperature_2,norm_2,-0.03603060038721668
91-100,exact_bose_einstein,2,temperature_2,temperature_2,0.9999999999999998
91-100,exact_bose_einstein,2,temperature_2,U_2,0.8433121811432964
91-100,exact_bose_einstein,2,U_2,norm_1,0.12882642801220973
91-100,exact_bose_einstein,2,U_2,temperature_1,-0.1206329850453607
91-100,exact_bose_einstein,2,U_2,U_1,0.0024972351568525414
91-100,exact_bose_einstein,2,U_2,norm_2,0.49470350078825814
91-100,exact_bose_einstein,2,U_2,temperature_2,0.8433121811432964
91-100,exact_bose_einstein,2,U_2,U_2,1.0
91-100,tsallis,2,norm_1,norm_1,0.9999999999999999
91-100,tsallis,2,norm_1,temperature_1,-0.9888442649127408
91-100,tsallis,2,norm_1,q_1,0.8956385620517711
91-100,tsallis,2,norm_1,norm_2,-0.42889843865977273
91-100,tsallis,2,norm_1,temperature_2,0.4469971493244481
91-100,tsallis,2,norm_1,q_2,-0.6666643182297571
91-100,tsallis,2,temperature_1,norm_1,-0.9888442649127408
91-100,tsallis,2,temperature_1,temperature_1,1.0000000000000002
91-100,tsallis,2,temperature_1,q_1,-0.945443820617497
91-100,tsallis,2,temperature_1,norm_2,0.3622569375426704
91-100,tsallis,2,temperature_1,temperature_2,-0.3762626566730462
91-100,tsallis,2,temperature_1,q_2,0.5923796777161564
91-100,tsallis,2,q_1,norm_1,0.8956385620517711
91-100,tsallis,2,q_1,temperature_1,-0.945443820617497
91-100,tsallis,2,q_1,q_1,1.0000000000000002
91-100,tsallis,2,q_1,norm_2,-0.22983504739118052
91-100,tsallis,2,q_1,temperature_2,0.23604824355967205
91-100,tsallis,2,q_1,q_2,-0.4283818902980377
91-100,tsallis,2,norm_2,norm_1,-0.42889843865977273
91-100,tsallis,2,norm_2,temperature_1,0.3622569375426704
91-100,tsallis,2,norm_2,q_1,-0.22983504739118052
91-100,tsallis,2,norm_2,norm_2,1.0000000000000002
91-100,tsallis,2,norm_2,temperature_2,-0.9960084188949391
91-100,tsallis,2,norm_2,q_2,0.9271595191523002
91-100,tsallis,2,temperature_2,norm_1,0.4469971493244481
91-100,tsallis,2,temperature_2,temperature_1,-0.3762626566730462
91-100,tsallis,2,temperature_2,q_1,0.23604824355967205
91-100,tsallis,2,temperature_2,norm_2,-0.9960084188949391
91-100,tsallis,2,temperature_2,temperature_2,1.0000000000000002
91-100,tsallis,2,temperature_2,q_2,-0.9479083405856363
91-100,tsallis,2,q_2,norm_1,-0.6666643182297571
91-100,tsallis,2,q_2,temperature_1,0.5923796777161564
91-100,tsallis,2,q_2,q_1,-0.4283818902980377
91-100,tsallis,2,q_2,norm_2,0.9271595191523002
91-100,tsallis,2,q_2,temperature_2,-0.9479083405856363
91-100,tsallis,2,q_2,q_2,0.9999999999999998
