source_record,source_table,source_table_doi,source_location,description,observable_kind,eta_range,multiplicity_selection,pt_selection,extrapolated,row_index,pt_low_gev,pt_high_gev,pt_center_gev,yield_value,stat_error,sys_error_minus,sys_error_plus,sys_error,total_error,fit_ready,manuscript_bin,mapping_status
ins1419652,Table 12,10.17182/hepdata.72491.v1/t12,Data from F 5B,Charged-particle multiplicities in proton-proton collisions at a centre-of-mass energy of 13000 GeV as a function of transverse momentum for events with the number of charged particles &gt;=1 having transverse momentum &gt;500 MeV and absolute(pseudorapidity) &lt;0.8.,pt_spectrum,-0.8-0.8,>= 1,> 500 MEV,False,1,0.5,0.6,0.5481,2.022,0.0007464,0.01645,0.01634,0.01645,0.016466924817949466,False,,unmatched_to_manuscript_bin
ins1419652,Table 12,10.17182/hepdata.72491.v1/t12,Data from F 5B,Charged-particle multiplicities in proton-proton collisions at a centre-of-mass energy of 13000 GeV as a function of transverse momentum for events with the number of charged particles &gt;=1 having transverse momentum &gt;500 MeV and absolute(pseudorapidity) &lt;0.8.,pt_spectrum,-0.8-0.8,>= 1,> 500 MEV,False,2,0.6,0.7,0.6481,1.329,0.0005536,0.01082,0.01075,0.01082,0.010834153079959687,False,,unmatched_to_manuscript_bin
ins1419652,Table 12,10.17182/hepdata.72491.v1/t12,Data from F 5B,Charged-particle multiplicities in proton-proton collisions at a centre-of-mass energy of 13000 GeV as a function of transverse momentum for events with the number of charged particles &gt;=1 having transverse momentum &gt;500 MeV and absolute(pseudorapidity) &lt;0.8.,pt_spectrum,-0.8-0.8,>= 1,> 500 MEV,False,3,0.7,0.8,0.7481,0.9037,0.0003657,0.00821,0.008164,0.00821,0.008218140695437137,False,,unmatched_to_manuscript_bin
ins1419652,Table 12,10.17182/hepdata.72491.v1/t12,Data from F 5B,Charged-particle multiplicities in proton-proton collisions at a centre-of-mass energy of 13000 GeV as a function of transverse momentum for events with the number of charged particles &gt;=1 having transverse momentum &gt;500 MeV and absolute(pseudorapidity) &lt;0.8.,pt_spectrum,-0.8-0.8,>= 1,> 500 MEV,False,4,0.8,0.9,0.8482,0.6288,0.0002928,0.00577,0.005739,0.00577,0.005777424325770092,False,,unmatched_to_manuscript_bin
ins1419652,Table 12,10.17182/hepdata.72491.v1/t12,Data from F 5B,Charged-particle multiplicities in proton-proton collisions at a centre-of-mass energy of 13000 GeV as a function of transverse momentum for events with the number of charged particles &gt;=1 having transverse momentum &gt;500 MeV and absolute(pseudorapidity) &lt;0.8.,pt_spectrum,-0.8-0.8,>= 1,> 500 MEV,False,5,0.9,1.0,0.9482,0.4471,0.000235,0.004171,0.004151,0.004171,0.004177614869755229,False,,unmatched_to_manuscript_bin
ins1419652,Table 12,10.17182/hepdata.72491.v1/t12,Data from F 5B,Charged-particle multiplicities in proton-proton collisions at a centre-of-mass energy of 13000 GeV as a function of transverse momentum for events with the number of charged particles &gt;=1 having transverse momentum &gt;500 MeV and absolute(pseudorapidity) &lt;0.8.,pt_spectrum,-0.8-0.8,>= 1,> 500 MEV,False,6,1.0,1.1,1.049,0.3239,0.000205,0.00299,0.002975,0.00299,0.0029970193526235363,False,,unmatched_to_manuscript_bin
ins1419652,Table 12,10.17182/hepdata.72491.v1/t12,Data from F 5B,Charged-particle multiplicities in proton-proton collisions at a centre-of-mass energy of 13000 GeV as a function of transverse momentum for events with the number of charged particles &gt;=1 having transverse momentum &gt;500 MeV and absolute(pseudorapidity) &lt;0.8.,pt_spectrum,-0.8-0.8,>= 1,> 500 MEV,False,7,1.1,1.2,1.149,0.2382,0.000148,0.002211,0.0022,0.002211,0.0022159478784484076,False,,unmatched_to_manuscript_bin
ins1419652,Table 12,10.17182/hepdata.72491.v1/t12,Data from F 5B,Charged-particle multiplicities in proton-proton collisions at a centre-of-mass energy of 13000 GeV as a function of transverse momentum for events with the number of charged particles &gt;=1 having transverse momentum &gt;500 MeV and absolute(pseudorapidity) &lt;0.8.,pt_spectrum,-0.8-0.8,>= 1,> 500 MEV,False,8,1.2,1.3,1.249,0.1778,0.0001279,0.001637,0.001629,0.001637,0.0016419888580620759,False,,unmatched_to_manuscript_bin
ins1419652,Table 12,10.17182/hepdata.72491.v1/t12,Data from F 5B,Charged-particle multiplicities in proton-proton collisions at a centre-of-mass energy of 13000 GeV as a function of transverse momentum for events with the number of charged particles &gt;=1 having transverse momentum &gt;500 MeV and absolute(pseudorapidity) &lt;0.8.,pt_spectrum,-0.8-0.8,>= 1,> 500 MEV,False,9,1.3,1.4,1.349,0.1344,0.0001075,0.001241,0.001234,0.001241,0.001245647321676565,False,,unmatched_to_manuscript_bin
ins1419652,Table 12,10.17182/hepdata.72491.v1/t12,Data from F 5B,Charged-particle multiplicities in proton-proton collisions at a centre-of-mass energy of 13000 GeV as a function of transverse momentum for events with the number of charged particles &gt;=1 having transverse momentum &gt;500 MeV and absolute(pseudorapidity) &lt;0.8.,pt_spectrum,-0.8-0.8,>= 1,> 500 MEV,False,10,1.4,1.5,1.449,0.1026,9.78e-05,0.000936,0.0009308,0.000936,0.000941095553065681,False,,unmatched_to_manuscript_bin
ins1419652,Table 12,10.17182/hepdata.72491.v1/t12,Data from F 5B,Charged-particle multiplicities in proton-proton collisions at a centre-of-mass energy of 13000 GeV as a function of transverse momentum for events with the number of charged particles &gt;=1 having transverse momentum &gt;500 MeV and absolute(pseudorapidity) &lt;0.8.,pt_spectrum,-0.8-0.8,>= 1,> 500 MEV,False,11,1.5,1.6,1.549,0.07937,7.973e-05,0.0007222,0.0007181,0.0007222,0.0007265877186548091,False,,unmatched_to_manuscript_bin
ins1419652,Table 12,10.17182/hepdata.72491.v1/t12,Data from F 5B,Charged-particle multiplicities in proton-proton collisions at a centre-of-mass energy of 13000 GeV as a function of transverse momentum for events with the number of charged particles &gt;=1 having transverse momentum &gt;500 MeV and absolute(pseudorapidity) &lt;0.8.,pt_spectrum,-0.8-0.8,>= 1,> 500 MEV,False,12,1.6,1.7,1.649,0.06167,7.743e-05,0.0005624,0.0005592,0.0005624,0.0005677051742762259,False,,unmatched_to_manuscript_bin
ins1419652,Table 12,10.17182/hepdata.72491.v1/t12,Data from F 5B,Charged-particle multiplicities in proton-proton collisions at a centre-of-mass energy of 13000 GeV as a function of transverse momentum for events with the number of charged particles &gt;=1 having transverse momentum &gt;500 MeV and absolute(pseudorapidity) &lt;0.8.,pt_spectrum,-0.8-0.8,>= 1,> 500 MEV,False,13,1.7,1.8,1.749,0.0485,5.997e-05,0.0004435,0.0004411,0.0004435,0.000447536200658673,False,,unmatched_to_manuscript_bin
ins1419652,Table 12,10.17182/hepdata.72491.v1/t12,Data from F 5B,Charged-particle multiplicities in proton-proton collisions at a centre-of-mass energy of 13000 GeV as a function of transverse momentum for events with the number of charged particles &gt;=1 having transverse momentum &gt;500 MeV and absolute(pseudorapidity) &lt;0.8.,pt_spectrum,-0.8-0.8,>= 1,> 500 MEV,False,14,1.8,1.9,1.849,0.03836,4.775e-05,0.0003519,0.0003499,0.0003519,0.0003551248688841715,False,,unmatched_to_manuscript_bin
ins1419652,Table 12,10.17182/hepdata.72491.v1/t12,Data from F 5B,Charged-particle multiplicities in proton-proton collisions at a centre-of-mass energy of 13000 GeV as a function of transverse momentum for events with the number of charged particles &gt;=1 having transverse momentum &gt;500 MeV and absolute(pseudorapidity) &lt;0.8.,pt_spectrum,-0.8-0.8,>= 1,> 500 MEV,False,15,1.9,2.0,1.949,0.03062,4.507e-05,0.000281,0.0002795,0.000281,0.00028459147018138124,False,,unmatched_to_manuscript_bin
ins1419652,Table 12,10.17182/hepdata.72491.v1/t12,Data from F 5B,Charged-particle multiplicities in proton-proton collisions at a centre-of-mass energy of 13000 GeV as a function of transverse momentum for events with the number of charged particles &gt;=1 having transverse momentum &gt;500 MeV and absolute(pseudorapidity) &lt;0.8.,pt_spectrum,-0.8-0.8,>= 1,> 500 MEV,False,16,2.0,2.1,2.049,0.0244,3.536e-05,0.0002207,0.0002194,0.0002207,0.0002235146966085228,False,,unmatched_to_manuscript_bin
ins1419652,Table 12,10.17182/hepdata.72491.v1/t12,Data from F 5B,Charged-particle multiplicities in proton-proton collisions at a centre-of-mass energy of 13000 GeV as a function of transverse momentum for events with the number of charged particles &gt;=1 having transverse momentum &gt;500 MeV and absolute(pseudorapidity) &lt;0.8.,pt_spectrum,-0.8-0.8,>= 1,> 500 MEV,False,17,2.1,2.2,2.149,0.0198,3.248e-05,0.0001794,0.0001784,0.0001794,0.00018231651159453442,False,,unmatched_to_manuscript_bin
ins1419652,Table 12,10.17182/hepdata.72491.v1/t12,Data from F 5B,Charged-particle multiplicities in proton-proton collisions at a centre-of-mass energy of 13000 GeV as a function of transverse momentum for events with the number of charged particles &gt;=1 having transverse momentum &gt;500 MeV and absolute(pseudorapidity) &lt;0.8.,pt_spectrum,-0.8-0.8,>= 1,> 500 MEV,False,18,2.2,2.3,2.249,0.01595,2.543e-05,0.0001453,0.0001444,0.0001453,0.0001475085587347392,False,,unmatched_to_manuscript_bin
ins1419652,Table 12,10.17182/hepdata.72491.v1/t12,Data from F 5B,Charged-particle multiplicities in proton-proton collisions at a centre-of-mass energy of 13000 GeV as a function of transverse momentum for events with the number of charged particles &gt;=1 having transverse momentum &gt;500 MeV and absolute(pseudorapidity) &lt;0.8.,pt_spectrum,-0.8-0.8,>= 1,> 500 MEV,False,19,2.3,2.4,2.349,0.01306,2.357e-05,0.0001197,0.000119,0.0001197,0.00012199850367934845,False,,unmatched_to_manuscript_bin
ins1419652,Table 12,10.17182/hepdata.72491.v1/t12,Data from F 5B,Charged-particle multiplicities in proton-proton collisions at a centre-of-mass energy of 13000 GeV as a function of transverse momentum for events with the number of charged particles &gt;=1 having transverse momentum &gt;500 MeV and absolute(pseudorapidity) &lt;0.8.,pt_spectrum,-0.8-0.8,>= 1,> 500 MEV,False,20,2.4,2.5,2.449,0.01068,2.238e-05,9.827e-05,9.775e-05,9.827e-05,0.0001007861959794098,False,,unmatched_to_manuscript_bin
ins1419652,Table 12,10.17182/hepdata.72491.v1/t12,Data from F 5B,Charged-particle multiplicities in proton-proton collisions at a centre-of-mass energy of 13000 GeV as a function of transverse momentum for events with the number of charged particles &gt;=1 having transverse momentum &gt;500 MeV and absolute(pseudorapidity) &lt;0.8.,pt_spectrum,-0.8-0.8,>= 1,> 500 MEV,False,21,2.5,2.7,2.596,0.008049,1.322e-05,7.417e-05,7.377e-05,7.417e-05,7.533894942192917e-05,False,,unmatched_to_manuscript_bin
ins1419652,Table 12,10.17182/hepdata.72491.v1/t12,Data from F 5B,Charged-particle multiplicities in proton-proton collisions at a centre-of-mass energy of 13000 GeV as a function of transverse momentum for events with the number of charged particles &gt;=1 having transverse momentum &gt;500 MeV and absolute(pseudorapidity) &lt;0.8.,pt_spectrum,-0.8-0.8,>= 1,> 500 MEV,False,22,2.7,2.9,2.796,0.005552,1.257e-05,5.159e-05,5.132e-05,5.159e-05,5.309927494796892e-05,False,,unmatched_to_manuscript_bin
ins1419652,Table 12,10.17182/hepdata.72491.v1/t12,Data from F 5B,Charged-particle multiplicities in proton-proton collisions at a centre-of-mass energy of 13000 GeV as a function of transverse momentum for events with the number of charged particles &gt;=1 having transverse momentum &gt;500 MeV and absolute(pseudorapidity) &lt;0.8.,pt_spectrum,-0.8-0.8,>= 1,> 500 MEV,False,23,2.9,3.1,2.996,0.003893,8.354e-06,3.672e-05,3.654e-05,3.672e-05,3.7658302085994265e-05,False,,unmatched_to_manuscript_bin
ins1419652,Table 12,10.17182/hepdata.72491.v1/t12,Data from F 5B,Charged-particle multiplicities in proton-proton collisions at a centre-of-mass energy of 13000 GeV as a function of transverse momentum for events with the number of charged particles &gt;=1 having transverse momentum &gt;500 MeV and absolute(pseudorapidity) &lt;0.8.,pt_spectrum,-0.8-0.8,>= 1,> 500 MEV,False,24,3.1,3.3,3.197,0.002798,6.264e-06,2.673e-05,2.661e-05,2.673e-05,2.7454154439720048e-05,False,,unmatched_to_manuscript_bin
ins1419652,Table 12,10.17182/hepdata.72491.v1/t12,Data from F 5B,Charged-particle multiplicities in proton-proton collisions at a centre-of-mass energy of 13000 GeV as a function of transverse momentum for events with the number of charged particles &gt;=1 having transverse momentum &gt;500 MeV and absolute(pseudorapidity) &lt;0.8.,pt_spectrum,-0.8-0.8,>= 1,> 500 MEV,False,25,3.3,3.5,3.397,0.002014,5.622e-06,1.951e-05,1.943e-05,1.951e-05,2.0303866232813888e-05,False,,unmatched_to_manuscript_bin
ins1419652,Table 12,10.17182/hepdata.72491.v1/t12,Data from F 5B,Charged-particle multiplicities in proton-proton collisions at a centre-of-mass energy of 13000 GeV as a function of transverse momentum for events with the number of charged particles &gt;=1 having transverse momentum &gt;500 MeV and absolute(pseudorapidity) &lt;0.8.,pt_spectrum,-0.8-0.8,>= 1,> 500 MEV,False,26,3.5,4.0,3.726,0.001212,2.439e-06,1.205e-05,1.202e-05,1.205e-05,1.2294357282916419e-05,False,,unmatched_to_manuscript_bin
ins1419652,Table 12,10.17182/hepdata.72491.v1/t12,Data from F 5B,Charged-particle multiplicities in proton-proton collisions at a centre-of-mass energy of 13000 GeV as a function of transverse momentum for events with the number of charged particles &gt;=1 having transverse momentum &gt;500 MeV and absolute(pseudorapidity) &lt;0.8.,pt_spectrum,-0.8-0.8,>= 1,> 500 MEV,False,27,4.0,4.5,4.229,0.0005989,1.617e-06,6.425e-06,6.406e-06,6.425e-06,6.625353877341195e-06,False,,unmatched_to_manuscript_bin
ins1419652,Table 12,10.17182/hepdata.72491.v1/t12,Data from F 5B,Charged-particle multiplicities in proton-proton collisions at a centre-of-mass energy of 13000 GeV as a function of transverse momentum for events with the number of charged particles &gt;=1 having transverse momentum &gt;500 MeV and absolute(pseudorapidity) &lt;0.8.,pt_spectrum,-0.8-0.8,>= 1,> 500 MEV,False,28,4.5,5.0,4.731,0.0003225,1.065e-06,3.544e-06,3.535e-06,3.544e-06,3.7005622545769983e-06,False,,unmatched_to_manuscript_bin
ins1419652,Table 12,10.17182/hepdata.72491.v1/t12,Data from F 5B,Charged-particle multiplicities in proton-proton collisions at a centre-of-mass energy of 13000 GeV as a function of transverse momentum for events with the number of charged particles &gt;=1 having transverse momentum &gt;500 MeV and absolute(pseudorapidity) &lt;0.8.,pt_spectrum,-0.8-0.8,>= 1,> 500 MEV,False,29,5.0,6.0,5.43,0.000142,4.2e-07,1.539e-06,1.535e-06,1.539e-06,1.5952808530161702e-06,False,,unmatched_to_manuscript_bin
ins1419652,Table 12,10.17182/hepdata.72491.v1/t12,Data from F 5B,Charged-particle multiplicities in proton-proton collisions at a centre-of-mass energy of 13000 GeV as a function of transverse momentum for events with the number of charged particles &gt;=1 having transverse momentum &gt;500 MeV and absolute(pseudorapidity) &lt;0.8.,pt_spectrum,-0.8-0.8,>= 1,> 500 MEV,False,30,6.0,7.0,6.441,5.317e-05,2.263e-07,5.865e-07,5.851e-07,5.865e-07,6.286445259445119e-07,False,,unmatched_to_manuscript_bin
ins1419652,Table 12,10.17182/hepdata.72491.v1/t12,Data from F 5B,Charged-particle multiplicities in proton-proton collisions at a centre-of-mass energy of 13000 GeV as a function of transverse momentum for events with the number of charged particles &gt;=1 having transverse momentum &gt;500 MeV and absolute(pseudorapidity) &lt;0.8.,pt_spectrum,-0.8-0.8,>= 1,> 500 MEV,False,31,7.0,8.0,7.445,2.307e-05,1.151e-07,2.596e-07,2.591e-07,2.596e-07,2.8397212891408906e-07,False,,unmatched_to_manuscript_bin
ins1419652,Table 12,10.17182/hepdata.72491.v1/t12,Data from F 5B,Charged-particle multiplicities in proton-proton collisions at a centre-of-mass energy of 13000 GeV as a function of transverse momentum for events with the number of charged particles &gt;=1 having transverse momentum &gt;500 MeV and absolute(pseudorapidity) &lt;0.8.,pt_spectrum,-0.8-0.8,>= 1,> 500 MEV,False,32,8.0,9.0,8.449,1.111e-05,6.707e-08,1.588e-07,1.587e-07,1.588e-07,1.7238278597354203e-07,False,,unmatched_to_manuscript_bin
ins1419652,Table 12,10.17182/hepdata.72491.v1/t12,Data from F 5B,Charged-particle multiplicities in proton-proton collisions at a centre-of-mass energy of 13000 GeV as a function of transverse momentum for events with the number of charged particles &gt;=1 having transverse momentum &gt;500 MeV and absolute(pseudorapidity) &lt;0.8.,pt_spectrum,-0.8-0.8,>= 1,> 500 MEV,False,33,9.0,10.0,9.466,5.5e-06,4.002e-08,7.841e-08,7.832e-08,7.841e-08,8.803254227840975e-08,False,,unmatched_to_manuscript_bin
ins1419652,Table 12,10.17182/hepdata.72491.v1/t12,Data from F 5B,Charged-particle multiplicities in proton-proton collisions at a centre-of-mass energy of 13000 GeV as a function of transverse momentum for events with the number of charged particles &gt;=1 having transverse momentum &gt;500 MeV and absolute(pseudorapidity) &lt;0.8.,pt_spectrum,-0.8-0.8,>= 1,> 500 MEV,False,34,10.0,15.0,11.7,1.458e-06,1.103e-08,2.577e-08,2.576e-08,2.577e-08,2.8031300362273597e-08,False,,unmatched_to_manuscript_bin
ins1419652,Table 12,10.17182/hepdata.72491.v1/t12,Data from F 5B,Charged-particle multiplicities in proton-proton collisions at a centre-of-mass energy of 13000 GeV as a function of transverse momentum for events with the number of charged particles &gt;=1 having transverse momentum &gt;500 MeV and absolute(pseudorapidity) &lt;0.8.,pt_spectrum,-0.8-0.8,>= 1,> 500 MEV,False,35,15.0,20.0,17.02,1.782e-07,2.607e-09,3.666e-09,3.665e-09,3.666e-09,4.498444731237675e-09,False,,unmatched_to_manuscript_bin
ins1419652,Table 12,10.17182/hepdata.72491.v1/t12,Data from F 5B,Charged-particle multiplicities in proton-proton collisions at a centre-of-mass energy of 13000 GeV as a function of transverse momentum for events with the number of charged particles &gt;=1 having transverse momentum &gt;500 MeV and absolute(pseudorapidity) &lt;0.8.,pt_spectrum,-0.8-0.8,>= 1,> 500 MEV,False,36,20.0,30.0,23.64,2.487e-08,6.561e-10,6.893e-10,6.891e-10,6.893e-10,9.516310734733289e-10,False,,unmatched_to_manuscript_bin
ins1419652,Table 12,10.17182/hepdata.72491.v1/t12,Data from F 5B,Charged-particle multiplicities in proton-proton collisions at a centre-of-mass energy of 13000 GeV as a function of transverse momentum for events with the number of charged particles &gt;=1 having transverse momentum &gt;500 MeV and absolute(pseudorapidity) &lt;0.8.,pt_spectrum,-0.8-0.8,>= 1,> 500 MEV,False,37,30.0,50.0,36.29,1.588e-09,1.077e-10,8.611e-11,8.615e-11,8.615e-11,1.37917049344887e-10,False,,unmatched_to_manuscript_bin
ins1419652,Table 16,10.17182/hepdata.72491.v1/t16,Data from Auxiliary Material,Extrapolated charged-particle multiplicities in proton-proton collisions at a centre-of-mass energy of 13000 GeV as a function of transverse momentum for events with the number of charged particles &gt;=1 having transverse momentum &gt;500 MeV and absolute(pseudorapidity) &lt;0.8.,pt_spectrum,-0.8-0.8,>= 1,> 500 MEV,True,1,0.5,0.6,0.5481,2.025,0.0007473,0.01682,0.01671,0.01682,0.016836592805256057,False,,unmatched_to_manuscript_bin
ins1419652,Table 16,10.17182/hepdata.72491.v1/t16,Data from Auxiliary Material,Extrapolated charged-particle multiplicities in proton-proton collisions at a centre-of-mass energy of 13000 GeV as a function of transverse momentum for events with the number of charged particles &gt;=1 having transverse momentum &gt;500 MeV and absolute(pseudorapidity) &lt;0.8.,pt_spectrum,-0.8-0.8,>= 1,> 500 MEV,True,2,0.6,0.7,0.6481,1.335,0.0005559,0.0109,0.01082,0.0109,0.010914166244381657,False,,unmatched_to_manuscript_bin
ins1419652,Table 16,10.17182/hepdata.72491.v1/t16,Data from Auxiliary Material,Extrapolated charged-particle multiplicities in proton-proton collisions at a centre-of-mass energy of 13000 GeV as a function of transverse momentum for events with the number of charged particles &gt;=1 having transverse momentum &gt;500 MeV and absolute(pseudorapidity) &lt;0.8.,pt_spectrum,-0.8-0.8,>= 1,> 500 MEV,True,3,0.7,0.8,0.7481,0.9108,0.0003686,0.008402,0.008357,0.008402,0.008410081447881464,False,,unmatched_to_manuscript_bin
ins1419652,Table 16,10.17182/hepdata.72491.v1/t16,Data from Auxiliary Material,Extrapolated charged-particle multiplicities in proton-proton collisions at a centre-of-mass energy of 13000 GeV as a function of transverse momentum for events with the number of charged particles &gt;=1 having transverse momentum &gt;500 MeV and absolute(pseudorapidity) &lt;0.8.,pt_spectrum,-0.8-0.8,>= 1,> 500 MEV,True,4,0.8,0.9,0.8482,0.6363,0.0002963,0.006199,0.006169,0.006199,0.006206077238481648,False,,unmatched_to_manuscript_bin
ins1419652,Table 16,10.17182/hepdata.72491.v1/t16,Data from Auxiliary Material,Extrapolated charged-particle multiplicities in proton-proton collisions at a centre-of-mass energy of 13000 GeV as a function of transverse momentum for events with the number of charged particles &gt;=1 having transverse momentum &gt;500 MeV and absolute(pseudorapidity) &lt;0.8.,pt_spectrum,-0.8-0.8,>= 1,> 500 MEV,True,5,0.9,1.0,0.9482,0.4544,0.0002389,0.004837,0.004818,0.004837,0.004842896056080494,False,,unmatched_to_manuscript_bin
ins1419652,Table 16,10.17182/hepdata.72491.v1/t16,Data from Auxiliary Material,Extrapolated charged-particle multiplicities in proton-proton collisions at a centre-of-mass energy of 13000 GeV as a function of transverse momentum for events with the number of charged particles &gt;=1 having transverse momentum &gt;500 MeV and absolute(pseudorapidity) &lt;0.8.,pt_spectrum,-0.8-0.8,>= 1,> 500 MEV,True,6,1.0,1.1,1.049,0.3308,0.0002095,0.003847,0.003834,0.003847,0.003852700254367059,False,,unmatched_to_manuscript_bin
ins1419652,Table 16,10.17182/hepdata.72491.v1/t16,Data from Auxiliary Material,Extrapolated charged-particle multiplicities in proton-proton collisions at a centre-of-mass energy of 13000 GeV as a function of transverse momentum for events with the number of charged particles &gt;=1 having transverse momentum &gt;500 MeV and absolute(pseudorapidity) &lt;0.8.,pt_spectrum,-0.8-0.8,>= 1,> 500 MEV,True,7,1.1,1.2,1.149,0.2445,0.0001521,0.003201,0.003193,0.003201,0.003204611584888253,False,,unmatched_to_manuscript_bin
ins1419652,Table 16,10.17182/hepdata.72491.v1/t16,Data from Auxiliary Material,Extrapolated charged-particle multiplicities in proton-proton collisions at a centre-of-mass energy of 13000 GeV as a function of transverse momentum for events with the number of charged particles &gt;=1 having transverse momentum &gt;500 MeV and absolute(pseudorapidity) &lt;0.8.,pt_spectrum,-0.8-0.8,>= 1,> 500 MEV,True,8,1.2,1.3,1.249,0.1836,0.0001322,0.002778,0.002772,0.002778,0.00278114380066907,False,,unmatched_to_manuscript_bin
ins1419652,Table 16,10.17182/hepdata.72491.v1/t16,Data from Auxiliary Material,Extrapolated charged-particle multiplicities in proton-proton collisions at a centre-of-mass energy of 13000 GeV as a function of transverse momentum for events with the number of charged particles &gt;=1 having transverse momentum &gt;500 MeV and absolute(pseudorapidity) &lt;0.8.,pt_spectrum,-0.8-0.8,>= 1,> 500 MEV,True,9,1.3,1.4,1.349,0.1397,0.0001119,0.002512,0.002508,0.002512,0.002514491123468126,False,,unmatched_to_manuscript_bin
ins1419652,Table 16,10.17182/hepdata.72491.v1/t16,Data from Auxiliary Material,Extrapolated charged-particle multiplicities in proton-proton collisions at a centre-of-mass energy of 13000 GeV as a function of transverse momentum for events with the number of charged particles &gt;=1 having transverse momentum &gt;500 MeV and absolute(pseudorapidity) &lt;0.8.,pt_spectrum,-0.8-0.8,>= 1,> 500 MEV,True,10,1.4,1.5,1.449,0.1073,0.0001025,0.002257,0.002255,0.002257,0.0022593262823240026,False,,unmatched_to_manuscript_bin
ins1419652,Table 16,10.17182/hepdata.72491.v1/t16,Data from Auxiliary Material,Extrapolated charged-particle multiplicities in proton-proton collisions at a centre-of-mass energy of 13000 GeV as a function of transverse momentum for events with the number of charged particles &gt;=1 having transverse momentum &gt;500 MeV and absolute(pseudorapidity) &lt;0.8.,pt_spectrum,-0.8-0.8,>= 1,> 500 MEV,True,11,1.5,1.6,1.549,0.08352,8.411e-05,0.002001,0.001999,0.002001,0.0020027669590094604,False,,unmatched_to_manuscript_bin
ins1419652,Table 16,10.17182/hepdata.72491.v1/t16,Data from Auxiliary Material,Extrapolated charged-particle multiplicities in proton-proton collisions at a centre-of-mass energy of 13000 GeV as a function of transverse momentum for events with the number of charged particles &gt;=1 having transverse momentum &gt;500 MeV and absolute(pseudorapidity) &lt;0.8.,pt_spectrum,-0.8-0.8,>= 1,> 500 MEV,True,12,1.6,1.7,1.649,0.06527,8.212e-05,0.001735,0.001734,0.001735,0.0017369423405513495,False,,unmatched_to_manuscript_bin
ins1419652,Table 16,10.17182/hepdata.72491.v1/t16,Data from Auxiliary Material,Extrapolated charged-particle multiplicities in proton-proton collisions at a centre-of-mass energy of 13000 GeV as a function of transverse momentum for events with the number of charged particles &gt;=1 having transverse momentum &gt;500 MeV and absolute(pseudorapidity) &lt;0.8.,pt_spectrum,-0.8-0.8,>= 1,> 500 MEV,True,13,1.7,1.8,1.749,0.05162,6.402e-05,0.001514,0.001513,0.001514,0.0015153529491177954,False,,unmatched_to_manuscript_bin
ins1419652,Table 16,10.17182/hepdata.72491.v1/t16,Data from Auxiliary Material,Extrapolated charged-particle multiplicities in proton-proton collisions at a centre-of-mass energy of 13000 GeV as a function of transverse momentum for events with the number of charged particles &gt;=1 having transverse momentum &gt;500 MeV and absolute(pseudorapidity) &lt;0.8.,pt_spectrum,-0.8-0.8,>= 1,> 500 MEV,True,14,1.8,1.9,1.849,0.04106,5.131e-05,0.001324,0.001323,0.001324,0.0013249938551178266,False,,unmatched_to_manuscript_bin
ins1419652,Table 16,10.17182/hepdata.72491.v1/t16,Data from Auxiliary Material,Extrapolated charged-particle multiplicities in proton-proton collisions at a centre-of-mass energy of 13000 GeV as a function of transverse momentum for events with the number of charged particles &gt;=1 having transverse momentum &gt;500 MeV and absolute(pseudorapidity) &lt;0.8.,pt_spectrum,-0.8-0.8,>= 1,> 500 MEV,True,15,1.9,2.0,1.949,0.03296,4.868e-05,0.001153,0.001153,0.001153,0.0011540271844285126,False,,unmatched_to_manuscript_bin
ins1419652,Table 16,10.17182/hepdata.72491.v1/t16,Data from Auxiliary Material,Extrapolated charged-particle multiplicities in proton-proton collisions at a centre-of-mass energy of 13000 GeV as a function of transverse momentum for events with the number of charged particles &gt;=1 having transverse momentum &gt;500 MeV and absolute(pseudorapidity) &lt;0.8.,pt_spectrum,-0.8-0.8,>= 1,> 500 MEV,True,16,2.0,2.1,2.049,0.02641,3.845e-05,0.0009995,0.0009992,0.0009995,0.001000239297618325,False,,unmatched_to_manuscript_bin
ins1419652,Table 16,10.17182/hepdata.72491.v1/t16,Data from Auxiliary Material,Extrapolated charged-particle multiplicities in proton-proton collisions at a centre-of-mass energy of 13000 GeV as a function of transverse momentum for events with the number of charged particles &gt;=1 having transverse momentum &gt;500 MeV and absolute(pseudorapidity) &lt;0.8.,pt_spectrum,-0.8-0.8,>= 1,> 500 MEV,True,17,2.1,2.2,2.149,0.02152,3.547e-05,0.0008639,0.0008637,0.0008639,0.0008646278568841049,False,,unmatched_to_manuscript_bin
ins1419652,Table 16,10.17182/hepdata.72491.v1/t16,Data from Auxiliary Material,Extrapolated charged-particle multiplicities in proton-proton collisions at a centre-of-mass energy of 13000 GeV as a function of transverse momentum for events with the number of charged particles &gt;=1 having transverse momentum &gt;500 MeV and absolute(pseudorapidity) &lt;0.8.,pt_spectrum,-0.8-0.8,>= 1,> 500 MEV,True,18,2.2,2.3,2.249,0.01743,2.795e-05,0.0007478,0.0007476,0.0007478,0.0007483221515497186,False,,unmatched_to_manuscript_bin
ins1419652,Table 16,10.17182/hepdata.72491.v1/t16,Data from Auxiliary Material,Extrapolated charged-particle multiplicities in proton-proton collisions at a centre-of-mass energy of 13000 GeV as a function of transverse momentum for events with the number of charged particles &gt;=1 having transverse momentum &gt;500 MeV and absolute(pseudorapidity) &lt;0.8.,pt_spectrum,-0.8-0.8,>= 1,> 500 MEV,True,19,2.3,2.4,2.349,0.01434,2.602e-05,0.0006528,0.0006527,0.0006528,0.0006533183606787736,False,,unmatched_to_manuscript_bin
ins1419652,Table 16,10.17182/hepdata.72491.v1/t16,Data from Auxiliary Material,Extrapolated charged-particle multiplicities in proton-proton collisions at a centre-of-mass energy of 13000 GeV as a function of transverse momentum for events with the number of charged particles &gt;=1 having transverse momentum &gt;500 MeV and absolute(pseudorapidity) &lt;0.8.,pt_spectrum,-0.8-0.8,>= 1,> 500 MEV,True,20,2.4,2.5,2.449,0.01177,2.479e-05,0.0005626,0.0005624,0.0005626,0.0005631458994789894,False,,unmatched_to_manuscript_bin
ins1419652,Table 16,10.17182/hepdata.72491.v1/t16,Data from Auxiliary Material,Extrapolated charged-particle multiplicities in proton-proton collisions at a centre-of-mass energy of 13000 GeV as a function of transverse momentum for events with the number of charged particles &gt;=1 having transverse momentum &gt;500 MeV and absolute(pseudorapidity) &lt;0.8.,pt_spectrum,-0.8-0.8,>= 1,> 500 MEV,True,21,2.5,2.7,2.596,0.00892,1.473e-05,0.0004532,0.0004531,0.0004532,0.00045343931556493863,False,,unmatched_to_manuscript_bin
ins1419652,Table 16,10.17182/hepdata.72491.v1/t16,Data from Auxiliary Material,Extrapolated charged-particle multiplicities in proton-proton collisions at a centre-of-mass energy of 13000 GeV as a function of transverse momentum for events with the number of charged particles &gt;=1 having transverse momentum &gt;500 MeV and absolute(pseudorapidity) &lt;0.8.,pt_spectrum,-0.8-0.8,>= 1,> 500 MEV,True,22,2.7,2.9,2.796,0.006194,1.407e-05,0.0003373,0.0003373,0.0003373,0.00033759332768880374,False,,unmatched_to_manuscript_bin
ins1419652,Table 16,10.17182/hepdata.72491.v1/t16,Data from Auxiliary Material,Extrapolated charged-particle multiplicities in proton-proton collisions at a centre-of-mass energy of 13000 GeV as a function of transverse momentum for events with the number of charged particles &gt;=1 having transverse momentum &gt;500 MeV and absolute(pseudorapidity) &lt;0.8.,pt_spectrum,-0.8-0.8,>= 1,> 500 MEV,True,23,2.9,3.1,2.996,0.004364,9.422e-06,0.0002486,0.0002486,0.0002486,0.0002487784839651533,False,,unmatched_to_manuscript_bin
ins1419652,Table 16,10.17182/hepdata.72491.v1/t16,Data from Auxiliary Material,Extrapolated charged-particle multiplicities in proton-proton collisions at a centre-of-mass energy of 13000 GeV as a function of transverse momentum for events with the number of charged particles &gt;=1 having transverse momentum &gt;500 MeV and absolute(pseudorapidity) &lt;0.8.,pt_spectrum,-0.8-0.8,>= 1,> 500 MEV,True,24,3.1,3.3,3.197,0.003149,7.102e-06,0.0001862,0.0001861,0.0001862,0.00018633539224742035,False,,unmatched_to_manuscript_bin
ins1419652,Table 16,10.17182/hepdata.72491.v1/t16,Data from Auxiliary Material,Extrapolated charged-particle multiplicities in proton-proton collisions at a centre-of-mass energy of 13000 GeV as a function of transverse momentum for events with the number of charged particles &gt;=1 having transverse momentum &gt;500 MeV and absolute(pseudorapidity) &lt;0.8.,pt_spectrum,-0.8-0.8,>= 1,> 500 MEV,True,25,3.3,3.5,3.397,0.002272,6.382e-06,0.0001369,0.0001369,0.0001369,0.00013704867720631234,False,,unmatched_to_manuscript_bin
ins1419652,Table 16,10.17182/hepdata.72491.v1/t16,Data from Auxiliary Material,Extrapolated charged-particle multiplicities in proton-proton collisions at a centre-of-mass energy of 13000 GeV as a function of transverse momentum for events with the number of charged particles &gt;=1 having transverse momentum &gt;500 MeV and absolute(pseudorapidity) &lt;0.8.,pt_spectrum,-0.8-0.8,>= 1,> 500 MEV,True,26,3.5,4.0,3.726,0.00137,2.779e-06,8.428e-05,8.427e-05,8.428e-05,8.432580412305595e-05,False,,unmatched_to_manuscript_bin
ins1419652,Table 16,10.17182/hepdata.72491.v1/t16,Data from Auxiliary Material,Extrapolated charged-particle multiplicities in proton-proton collisions at a centre-of-mass energy of 13000 GeV as a function of transverse momentum for events with the number of charged particles &gt;=1 having transverse momentum &gt;500 MeV and absolute(pseudorapidity) &lt;0.8.,pt_spectrum,-0.8-0.8,>= 1,> 500 MEV,True,27,4.0,4.5,4.229,0.0006763,1.839e-06,4.054e-05,4.054e-05,4.054e-05,4.058168947936988e-05,False,,unmatched_to_manuscript_bin
ins1419652,Table 16,10.17182/hepdata.72491.v1/t16,Data from Auxiliary Material,Extrapolated charged-particle multiplicities in proton-proton collisions at a centre-of-mass energy of 13000 GeV as a function of transverse momentum for events with the number of charged particles &gt;=1 having transverse momentum &gt;500 MeV and absolute(pseudorapidity) &lt;0.8.,pt_spectrum,-0.8-0.8,>= 1,> 500 MEV,True,28,4.5,5.0,4.731,0.000363,1.209e-06,2.079e-05,2.079e-05,2.079e-05,2.0825123793149466e-05,False,,unmatched_to_manuscript_bin
ins1419652,Table 16,10.17182/hepdata.72491.v1/t16,Data from Auxiliary Material,Extrapolated charged-particle multiplicities in proton-proton collisions at a centre-of-mass energy of 13000 GeV as a function of transverse momentum for events with the number of charged particles &gt;=1 having transverse momentum &gt;500 MeV and absolute(pseudorapidity) &lt;0.8.,pt_spectrum,-0.8-0.8,>= 1,> 500 MEV,True,29,5.0,6.0,5.43,0.0001585,4.735e-07,8.041e-06,8.04e-06,8.041e-06,8.054929127559099e-06,False,,unmatched_to_manuscript_bin
ins1419652,Table 16,10.17182/hepdata.72491.v1/t16,Data from Auxiliary Material,Extrapolated charged-particle multiplicities in proton-proton collisions at a centre-of-mass energy of 13000 GeV as a function of transverse momentum for events with the number of charged particles &gt;=1 having transverse momentum &gt;500 MeV and absolute(pseudorapidity) &lt;0.8.,pt_spectrum,-0.8-0.8,>= 1,> 500 MEV,True,30,6.0,7.0,6.441,5.852e-05,2.514e-07,2.265e-06,2.264e-06,2.265e-06,2.2789091601027016e-06,False,,unmatched_to_manuscript_bin
ins1419652,Table 16,10.17182/hepdata.72491.v1/t16,Data from Auxiliary Material,Extrapolated charged-particle multiplicities in proton-proton collisions at a centre-of-mass energy of 13000 GeV as a function of transverse momentum for events with the number of charged particles &gt;=1 having transverse momentum &gt;500 MeV and absolute(pseudorapidity) &lt;0.8.,pt_spectrum,-0.8-0.8,>= 1,> 500 MEV,True,31,7.0,8.0,7.445,2.501e-05,1.263e-07,6.742e-07,6.74e-07,6.742e-07,6.85928079320274e-07,False,,unmatched_to_manuscript_bin
ins1419652,Table 16,10.17182/hepdata.72491.v1/t16,Data from Auxiliary Material,Extrapolated charged-particle multiplicities in proton-proton collisions at a centre-of-mass energy of 13000 GeV as a function of transverse momentum for events with the number of charged particles &gt;=1 having transverse momentum &gt;500 MeV and absolute(pseudorapidity) &lt;0.8.,pt_spectrum,-0.8-0.8,>= 1,> 500 MEV,True,32,8.0,9.0,8.449,1.195e-05,7.313e-08,2.598e-07,2.597e-07,2.598e-07,2.698963447325658e-07,False,,unmatched_to_manuscript_bin
ins1419652,Table 16,10.17182/hepdata.72491.v1/t16,Data from Auxiliary Material,Extrapolated charged-particle multiplicities in proton-proton collisions at a centre-of-mass energy of 13000 GeV as a function of transverse momentum for events with the number of charged particles &gt;=1 having transverse momentum &gt;500 MeV and absolute(pseudorapidity) &lt;0.8.,pt_spectrum,-0.8-0.8,>= 1,> 500 MEV,True,33,9.0,10.0,9.466,5.839e-06,4.305e-08,8.696e-08,8.688e-08,8.696e-08,9.70326960359239e-08,False,,unmatched_to_manuscript_bin
ins1419652,Table 16,10.17182/hepdata.72491.v1/t16,Data from Auxiliary Material,Extrapolated charged-particle multiplicities in proton-proton collisions at a centre-of-mass energy of 13000 GeV as a function of transverse momentum for events with the number of charged particles &gt;=1 having transverse momentum &gt;500 MeV and absolute(pseudorapidity) &lt;0.8.,pt_spectrum,-0.8-0.8,>= 1,> 500 MEV,True,34,10.0,15.0,11.7,1.533e-06,1.167e-08,2.78e-08,2.778e-08,2.78e-08,3.0150106135799925e-08,False,,unmatched_to_manuscript_bin
ins1419652,Table 16,10.17182/hepdata.72491.v1/t16,Data from Auxiliary Material,Extrapolated charged-particle multiplicities in proton-proton collisions at a centre-of-mass energy of 13000 GeV as a function of transverse momentum for events with the number of charged particles &gt;=1 having transverse momentum &gt;500 MeV and absolute(pseudorapidity) &lt;0.8.,pt_spectrum,-0.8-0.8,>= 1,> 500 MEV,True,35,15.0,20.0,17.02,1.861e-07,2.744e-09,4.473e-09,4.472e-09,4.473e-09,5.2475961163184044e-09,False,,unmatched_to_manuscript_bin
ins1419652,Table 16,10.17182/hepdata.72491.v1/t16,Data from Auxiliary Material,Extrapolated charged-particle multiplicities in proton-proton collisions at a centre-of-mass energy of 13000 GeV as a function of transverse momentum for events with the number of charged particles &gt;=1 having transverse momentum &gt;500 MeV and absolute(pseudorapidity) &lt;0.8.,pt_spectrum,-0.8-0.8,>= 1,> 500 MEV,True,36,20.0,30.0,23.64,2.59e-08,6.876e-10,7.432e-10,7.43e-10,7.432e-10,1.0124919752768413e-09,False,,unmatched_to_manuscript_bin
ins1419652,Table 16,10.17182/hepdata.72491.v1/t16,Data from Auxiliary Material,Extrapolated charged-particle multiplicities in proton-proton collisions at a centre-of-mass energy of 13000 GeV as a function of transverse momentum for events with the number of charged particles &gt;=1 having transverse momentum &gt;500 MeV and absolute(pseudorapidity) &lt;0.8.,pt_spectrum,-0.8-0.8,>= 1,> 500 MEV,True,37,30.0,50.0,36.29,1.639e-09,1.115e-10,9.55e-11,9.555e-11,9.555e-11,1.4684022779878817e-10,False,,unmatched_to_manuscript_bin
ins1419652,Table 4,10.17182/hepdata.72491.v1/t4,Data from F 3B,Charged-particle multiplicities in proton-proton collisions at a centre-of-mass energy of 13000 GeV as a function of transverse momentum for events with the number of charged particles &gt;=1 having transverse momentum &gt;500 MeV and absolute(pseudorapidity) &lt;2.5.,pt_spectrum,-2.5-2.5,>= 1,> 500 MEV,False,1,0.5,0.6,0.5474,1.685,0.0003266,0.02008,0.0204,0.0204,0.020402614233475082,False,,unmatched_to_manuscript_bin
ins1419652,Table 4,10.17182/hepdata.72491.v1/t4,Data from F 3B,Charged-particle multiplicities in proton-proton collisions at a centre-of-mass energy of 13000 GeV as a function of transverse momentum for events with the number of charged particles &gt;=1 having transverse momentum &gt;500 MeV and absolute(pseudorapidity) &lt;2.5.,pt_spectrum,-2.5-2.5,>= 1,> 500 MEV,False,2,0.6,0.7,0.648,1.102,0.0002341,0.01296,0.01316,0.01316,0.013162082008937644,False,,unmatched_to_manuscript_bin
ins1419652,Table 4,10.17182/hepdata.72491.v1/t4,Data from F 3B,Charged-particle multiplicities in proton-proton collisions at a centre-of-mass energy of 13000 GeV as a function of transverse momentum for events with the number of charged particles &gt;=1 having transverse momentum &gt;500 MeV and absolute(pseudorapidity) &lt;2.5.,pt_spectrum,-2.5-2.5,>= 1,> 500 MEV,False,3,0.7,0.8,0.7481,0.7422,0.0001766,0.008602,0.008729,0.008729,0.00873078625096274,False,,unmatched_to_manuscript_bin
ins1419652,Table 4,10.17182/hepdata.72491.v1/t4,Data from F 3B,Charged-particle multiplicities in proton-proton collisions at a centre-of-mass energy of 13000 GeV as a function of transverse momentum for events with the number of charged particles &gt;=1 having transverse momentum &gt;500 MeV and absolute(pseudorapidity) &lt;2.5.,pt_spectrum,-2.5-2.5,>= 1,> 500 MEV,False,4,0.8,0.9,0.8482,0.513,0.0001357,0.005969,0.006058,0.006058,0.006059519658355768,False,,unmatched_to_manuscript_bin
ins1419652,Table 4,10.17182/hepdata.72491.v1/t4,Data from F 3B,Charged-particle multiplicities in proton-proton collisions at a centre-of-mass energy of 13000 GeV as a function of transverse momentum for events with the number of charged particles &gt;=1 having transverse momentum &gt;500 MeV and absolute(pseudorapidity) &lt;2.5.,pt_spectrum,-2.5-2.5,>= 1,> 500 MEV,False,5,0.9,1.0,0.9482,0.3634,0.0001079,0.004217,0.004279,0.004279,0.0042803601962918955,False,,unmatched_to_manuscript_bin
ins1419652,Table 4,10.17182/hepdata.72491.v1/t4,Data from F 3B,Charged-particle multiplicities in proton-proton collisions at a centre-of-mass energy of 13000 GeV as a function of transverse momentum for events with the number of charged particles &gt;=1 having transverse momentum &gt;500 MeV and absolute(pseudorapidity) &lt;2.5.,pt_spectrum,-2.5-2.5,>= 1,> 500 MEV,False,6,1.0,1.1,1.049,0.2616,0.0001012,0.003968,0.004,0.004,0.0040012799752079335,False,,unmatched_to_manuscript_bin
ins1419652,Table 4,10.17182/hepdata.72491.v1/t4,Data from F 3B,Charged-particle multiplicities in proton-proton collisions at a centre-of-mass energy of 13000 GeV as a function of transverse momentum for events with the number of charged particles &gt;=1 having transverse momentum &gt;500 MeV and absolute(pseudorapidity) &lt;2.5.,pt_spectrum,-2.5-2.5,>= 1,> 500 MEV,False,7,1.1,1.2,1.149,0.1918,8.008e-05,0.00293,0.002954,0.002954,0.0029550852452002122,False,,unmatched_to_manuscript_bin
ins1419652,Table 4,10.17182/hepdata.72491.v1/t4,Data from F 3B,Charged-particle multiplicities in proton-proton collisions at a centre-of-mass energy of 13000 GeV as a function of transverse momentum for events with the number of charged particles &gt;=1 having transverse momentum &gt;500 MeV and absolute(pseudorapidity) &lt;2.5.,pt_spectrum,-2.5-2.5,>= 1,> 500 MEV,False,8,1.2,1.3,1.249,0.1425,6.078e-05,0.002181,0.002199,0.002199,0.002199839814259211,False,,unmatched_to_manuscript_bin
ins1419652,Table 4,10.17182/hepdata.72491.v1/t4,Data from F 3B,Charged-particle multiplicities in proton-proton collisions at a centre-of-mass energy of 13000 GeV as a function of transverse momentum for events with the number of charged particles &gt;=1 having transverse momentum &gt;500 MeV and absolute(pseudorapidity) &lt;2.5.,pt_spectrum,-2.5-2.5,>= 1,> 500 MEV,False,9,1.3,1.4,1.349,0.1075,4.855e-05,0.001627,0.00164,0.00164,0.0016407184714325612,False,,unmatched_to_manuscript_bin
ins1419652,Table 4,10.17182/hepdata.72491.v1/t4,Data from F 3B,Charged-particle multiplicities in proton-proton collisions at a centre-of-mass energy of 13000 GeV as a function of transverse momentum for events with the number of charged particles &gt;=1 having transverse momentum &gt;500 MeV and absolute(pseudorapidity) &lt;2.5.,pt_spectrum,-2.5-2.5,>= 1,> 500 MEV,False,10,1.4,1.5,1.449,0.08174,4.44e-05,0.00124,0.00125,0.00125,0.0012507882954361223,False,,unmatched_to_manuscript_bin
ins1419652,Table 4,10.17182/hepdata.72491.v1/t4,Data from F 3B,Charged-particle multiplicities in proton-proton collisions at a centre-of-mass energy of 13000 GeV as a function of transverse momentum for events with the number of charged particles &gt;=1 having transverse momentum &gt;500 MeV and absolute(pseudorapidity) &lt;2.5.,pt_spectrum,-2.5-2.5,>= 1,> 500 MEV,False,11,1.5,1.6,1.549,0.06297,3.632e-05,0.0009488,0.0009558,0.0009558,0.0009564898234691261,False,,unmatched_to_manuscript_bin
ins1419652,Table 4,10.17182/hepdata.72491.v1/t4,Data from F 3B,Charged-particle multiplicities in proton-proton collisions at a centre-of-mass energy of 13000 GeV as a function of transverse momentum for events with the number of charged particles &gt;=1 having transverse momentum &gt;500 MeV and absolute(pseudorapidity) &lt;2.5.,pt_spectrum,-2.5-2.5,>= 1,> 500 MEV,False,12,1.6,1.7,1.649,0.04885,2.946e-05,0.0007358,0.0007412,0.0007412,0.0007417852327998987,False,,unmatched_to_manuscript_bin
ins1419652,Table 4,10.17182/hepdata.72491.v1/t4,Data from F 3B,Charged-particle multiplicities in proton-proton collisions at a centre-of-mass energy of 13000 GeV as a function of transverse momentum for events with the number of charged particles &gt;=1 having transverse momentum &gt;500 MeV and absolute(pseudorapidity) &lt;2.5.,pt_spectrum,-2.5-2.5,>= 1,> 500 MEV,False,13,1.7,1.8,1.749,0.03827,2.495e-05,0.0005774,0.0005816,0.0005816,0.0005821349177810931,False,,unmatched_to_manuscript_bin
ins1419652,Table 4,10.17182/hepdata.72491.v1/t4,Data from F 3B,Charged-particle multiplicities in proton-proton collisions at a centre-of-mass energy of 13000 GeV as a function of transverse momentum for events with the number of charged particles &gt;=1 having transverse momentum &gt;500 MeV and absolute(pseudorapidity) &lt;2.5.,pt_spectrum,-2.5-2.5,>= 1,> 500 MEV,False,14,1.8,1.9,1.849,0.03024,1.993e-05,0.000457,0.0004604,0.0004604,0.000460831167457237,False,,unmatched_to_manuscript_bin
ins1419652,Table 4,10.17182/hepdata.72491.v1/t4,Data from F 3B,Charged-particle multiplicities in proton-proton collisions at a centre-of-mass energy of 13000 GeV as a function of transverse momentum for events with the number of charged particles &gt;=1 having transverse momentum &gt;500 MeV and absolute(pseudorapidity) &lt;2.5.,pt_spectrum,-2.5-2.5,>= 1,> 500 MEV,False,15,1.9,2.0,1.949,0.02399,1.882e-05,0.0003622,0.0003649,0.0003649,0.0003653850057131518,False,,unmatched_to_manuscript_bin
ins1419652,Table 4,10.17182/hepdata.72491.v1/t4,Data from F 3B,Charged-particle multiplicities in proton-proton collisions at a centre-of-mass energy of 13000 GeV as a function of transverse momentum for events with the number of charged particles &gt;=1 having transverse momentum &gt;500 MeV and absolute(pseudorapidity) &lt;2.5.,pt_spectrum,-2.5-2.5,>= 1,> 500 MEV,False,16,2.0,2.1,2.049,0.01916,1.477e-05,0.0002869,0.0002889,0.0002889,0.00028927731141587996,False,,unmatched_to_manuscript_bin
ins1419652,Table 4,10.17182/hepdata.72491.v1/t4,Data from F 3B,Charged-particle multiplicities in proton-proton collisions at a centre-of-mass energy of 13000 GeV as a function of transverse momentum for events with the number of charged particles &gt;=1 having transverse momentum &gt;500 MeV and absolute(pseudorapidity) &lt;2.5.,pt_spectrum,-2.5-2.5,>= 1,> 500 MEV,False,17,2.1,2.2,2.149,0.01546,1.331e-05,0.0002316,0.0002332,0.0002332,0.00023357952842661533,False,,unmatched_to_manuscript_bin
ins1419652,Table 4,10.17182/hepdata.72491.v1/t4,Data from F 3B,Charged-particle multiplicities in proton-proton collisions at a centre-of-mass energy of 13000 GeV as a function of transverse momentum for events with the number of charged particles &gt;=1 having transverse momentum &gt;500 MeV and absolute(pseudorapidity) &lt;2.5.,pt_spectrum,-2.5-2.5,>= 1,> 500 MEV,False,18,2.2,2.3,2.249,0.01249,1.23e-05,0.0001877,0.0001889,0.0001889,0.00018930002641309905,False,,unmatched_to_manuscript_bin
ins1419652,Table 4,10.17182/hepdata.72491.v1/t4,Data from F 3B,Charged-particle multiplicities in proton-proton collisions at a centre-of-mass energy of 13000 GeV as a function of transverse momentum for events with the number of charged particles &gt;=1 having transverse momentum &gt;500 MeV and absolute(pseudorapidity) &lt;2.5.,pt_spectrum,-2.5-2.5,>= 1,> 500 MEV,False,19,2.3,2.4,2.349,0.01018,1.038e-05,0.0001534,0.0001545,0.0001545,0.00015484829479203184,False,,unmatched_to_manuscript_bin
ins1419652,Table 4,10.17182/hepdata.72491.v1/t4,Data from F 3B,Charged-particle multiplicities in proton-proton collisions at a centre-of-mass energy of 13000 GeV as a function of transverse momentum for events with the number of charged particles &gt;=1 having transverse momentum &gt;500 MeV and absolute(pseudorapidity) &lt;2.5.,pt_spectrum,-2.5-2.5,>= 1,> 500 MEV,False,20,2.4,2.5,2.449,0.00832,8.679e-06,0.0001255,0.0001263,0.0001263,0.00012659784769497467,False,,unmatched_to_manuscript_bin
ins1419652,Table 4,10.17182/hepdata.72491.v1/t4,Data from F 3B,Charged-particle multiplicities in proton-proton collisions at a centre-of-mass energy of 13000 GeV as a function of transverse momentum for events with the number of charged particles &gt;=1 having transverse momentum &gt;500 MeV and absolute(pseudorapidity) &lt;2.5.,pt_spectrum,-2.5-2.5,>= 1,> 500 MEV,False,21,2.5,2.7,2.596,0.006237,6.014e-06,9.343e-05,9.406e-05,9.406e-05,9.425206520814279e-05,False,,unmatched_to_manuscript_bin
ins1419652,Table 4,10.17182/hepdata.72491.v1/t4,Data from F 3B,Charged-particle multiplicities in proton-proton collisions at a centre-of-mass energy of 13000 GeV as a function of transverse momentum for events with the number of charged particles &gt;=1 having transverse momentum &gt;500 MeV and absolute(pseudorapidity) &lt;2.5.,pt_spectrum,-2.5-2.5,>= 1,> 500 MEV,False,22,2.7,2.9,2.796,0.004308,4.399e-06,6.478e-05,6.522e-05,6.522e-05,6.536818492967355e-05,False,,unmatched_to_manuscript_bin
ins1419652,Table 4,10.17182/hepdata.72491.v1/t4,Data from F 3B,Charged-particle multiplicities in proton-proton collisions at a centre-of-mass energy of 13000 GeV as a function of transverse momentum for events with the number of charged particles &gt;=1 having transverse momentum &gt;500 MeV and absolute(pseudorapidity) &lt;2.5.,pt_spectrum,-2.5-2.5,>= 1,> 500 MEV,False,23,2.9,3.1,2.996,0.00301,4.121e-06,4.558e-05,4.59e-05,4.59e-05,4.608462477876976e-05,False,,unmatched_to_manuscript_bin
ins1419652,Table 4,10.17182/hepdata.72491.v1/t4,Data from F 3B,Charged-particle multiplicities in proton-proton collisions at a centre-of-mass energy of 13000 GeV as a function of transverse momentum for events with the number of charged particles &gt;=1 having transverse momentum &gt;500 MeV and absolute(pseudorapidity) &lt;2.5.,pt_spectrum,-2.5-2.5,>= 1,> 500 MEV,False,24,3.1,3.3,3.197,0.002154,3.021e-06,3.289e-05,3.312e-05,3.312e-05,3.325749300533641e-05,False,,unmatched_to_manuscript_bin
ins1419652,Table 4,10.17182/hepdata.72491.v1/t4,Data from F 3B,Charged-particle multiplicities in proton-proton collisions at a centre-of-mass energy of 13000 GeV as a function of transverse momentum for events with the number of charged particles &gt;=1 having transverse momentum &gt;500 MeV and absolute(pseudorapidity) &lt;2.5.,pt_spectrum,-2.5-2.5,>= 1,> 500 MEV,False,25,3.3,3.5,3.397,0.001551,2.314e-06,2.378e-05,2.395e-05,2.395e-05,2.406152729982035e-05,False,,unmatched_to_manuscript_bin
ins1419652,Table 4,10.17182/hepdata.72491.v1/t4,Data from F 3B,Charged-particle multiplicities in proton-proton collisions at a centre-of-mass energy of 13000 GeV as a function of transverse momentum for events with the number of charged particles &gt;=1 having transverse momentum &gt;500 MeV and absolute(pseudorapidity) &lt;2.5.,pt_spectrum,-2.5-2.5,>= 1,> 500 MEV,False,26,3.5,4.0,3.726,0.0009311,1.074e-06,1.408e-05,1.418e-05,1.418e-05,1.4220614473362254e-05,False,,unmatched_to_manuscript_bin
ins1419652,Table 4,10.17182/hepdata.72491.v1/t4,Data from F 3B,Charged-particle multiplicities in proton-proton collisions at a centre-of-mass energy of 13000 GeV as a function of transverse momentum for events with the number of charged particles &gt;=1 having transverse momentum &gt;500 MeV and absolute(pseudorapidity) &lt;2.5.,pt_spectrum,-2.5-2.5,>= 1,> 500 MEV,False,27,4.0,4.5,4.228,0.0004593,6.565e-07,7.163e-06,7.207e-06,7.207e-06,7.236839175358259e-06,False,,unmatched_to_manuscript_bin
ins1419652,Table 4,10.17182/hepdata.72491.v1/t4,Data from F 3B,Charged-particle multiplicities in proton-proton collisions at a centre-of-mass energy of 13000 GeV as a function of transverse momentum for events with the number of charged particles &gt;=1 having transverse momentum &gt;500 MeV and absolute(pseudorapidity) &lt;2.5.,pt_spectrum,-2.5-2.5,>= 1,> 500 MEV,False,28,4.5,5.0,4.731,0.0002434,4.137e-07,3.866e-06,3.89e-06,3.89e-06,3.911936565180985e-06,False,,unmatched_to_manuscript_bin
ins1419652,Table 4,10.17182/hepdata.72491.v1/t4,Data from F 3B,Charged-particle multiplicities in proton-proton collisions at a centre-of-mass energy of 13000 GeV as a function of transverse momentum for events with the number of charged particles &gt;=1 having transverse momentum &gt;500 MeV and absolute(pseudorapidity) &lt;2.5.,pt_spectrum,-2.5-2.5,>= 1,> 500 MEV,False,29,5.0,6.0,5.43,0.0001078,1.76e-07,1.695e-06,1.705e-06,1.705e-06,1.7140598005903994e-06,False,,unmatched_to_manuscript_bin
ins1419652,Table 4,10.17182/hepdata.72491.v1/t4,Data from F 3B,Charged-particle multiplicities in proton-proton collisions at a centre-of-mass energy of 13000 GeV as a function of transverse momentum for events with the number of charged particles &gt;=1 having transverse momentum &gt;500 MeV and absolute(pseudorapidity) &lt;2.5.,pt_spectrum,-2.5-2.5,>= 1,> 500 MEV,False,30,6.0,7.0,6.442,4e-05,8.184e-08,6.379e-07,6.42e-07,6.42e-07,6.471953226036171e-07,False,,unmatched_to_manuscript_bin
ins1419652,Table 4,10.17182/hepdata.72491.v1/t4,Data from F 3B,Charged-particle multiplicities in proton-proton collisions at a centre-of-mass energy of 13000 GeV as a function of transverse momentum for events with the number of charged particles &gt;=1 having transverse momentum &gt;500 MeV and absolute(pseudorapidity) &lt;2.5.,pt_spectrum,-2.5-2.5,>= 1,> 500 MEV,False,31,7.0,8.0,7.445,1.709e-05,4.439e-08,2.776e-07,2.794e-07,2.794e-07,2.829042808088983e-07,False,,unmatched_to_manuscript_bin
ins1419652,Table 4,10.17182/hepdata.72491.v1/t4,Data from F 3B,Charged-particle multiplicities in proton-proton collisions at a centre-of-mass energy of 13000 GeV as a function of transverse momentum for events with the number of charged particles &gt;=1 having transverse momentum &gt;500 MeV and absolute(pseudorapidity) &lt;2.5.,pt_spectrum,-2.5-2.5,>= 1,> 500 MEV,False,32,8.0,9.0,8.45,8.225e-06,2.609e-08,1.346e-07,1.355e-07,1.355e-07,1.3798890571346668e-07,False,,unmatched_to_manuscript_bin
ins1419652,Table 4,10.17182/hepdata.72491.v1/t4,Data from F 3B,Charged-particle multiplicities in proton-proton collisions at a centre-of-mass energy of 13000 GeV as a function of transverse momentum for events with the number of charged particles &gt;=1 having transverse momentum &gt;500 MeV and absolute(pseudorapidity) &lt;2.5.,pt_spectrum,-2.5-2.5,>= 1,> 500 MEV,False,33,9.0,10.0,9.464,4.099e-06,1.573e-08,6.668e-08,6.714e-08,6.714e-08,6.895804884130641e-08,False,,unmatched_to_manuscript_bin
ins1419652,Table 4,10.17182/hepdata.72491.v1/t4,Data from F 3B,Charged-particle multiplicities in proton-proton collisions at a centre-of-mass energy of 13000 GeV as a function of transverse momentum for events with the number of charged particles &gt;=1 having transverse momentum &gt;500 MeV and absolute(pseudorapidity) &lt;2.5.,pt_spectrum,-2.5-2.5,>= 1,> 500 MEV,False,34,10.0,15.0,11.71,1.076e-06,4.13e-09,2.5e-08,2.508e-08,2.508e-08,2.5417775276369094e-08,False,,unmatched_to_manuscript_bin
ins1419652,Table 4,10.17182/hepdata.72491.v1/t4,Data from F 3B,Charged-particle multiplicities in proton-proton collisions at a centre-of-mass energy of 13000 GeV as a function of transverse momentum for events with the number of charged particles &gt;=1 having transverse momentum &gt;500 MeV and absolute(pseudorapidity) &lt;2.5.,pt_spectrum,-2.5-2.5,>= 1,> 500 MEV,False,35,15.0,20.0,16.95,1.297e-07,9.43e-10,3.361e-09,3.37e-09,3.37e-09,3.499449813899322e-09,False,,unmatched_to_manuscript_bin
ins1419652,Table 4,10.17182/hepdata.72491.v1/t4,Data from F 3B,Charged-particle multiplicities in proton-proton collisions at a centre-of-mass energy of 13000 GeV as a function of transverse momentum for events with the number of charged particles &gt;=1 having transverse momentum &gt;500 MeV and absolute(pseudorapidity) &lt;2.5.,pt_spectrum,-2.5-2.5,>= 1,> 500 MEV,False,36,20.0,30.0,23.57,1.779e-08,2.406e-10,5.747e-10,5.757e-10,5.757e-10,6.239542050503386e-10,False,,unmatched_to_manuscript_bin
ins1419652,Table 4,10.17182/hepdata.72491.v1/t4,Data from F 3B,Charged-particle multiplicities in proton-proton collisions at a centre-of-mass energy of 13000 GeV as a function of transverse momentum for events with the number of charged particles &gt;=1 having transverse momentum &gt;500 MeV and absolute(pseudorapidity) &lt;2.5.,pt_spectrum,-2.5-2.5,>= 1,> 500 MEV,False,37,30.0,50.0,36.31,1.09e-09,3.786e-11,6.23e-11,6.243e-11,6.243e-11,7.301290639332199e-11,False,,unmatched_to_manuscript_bin
ins1419652,Table 8,10.17182/hepdata.72491.v1/t8,Data from Auxiliary Material,Extrapolated charged-particle multiplicities in proton-proton collisions at a centre-of-mass energy of 13000 GeV as a function of transverse momentum for events with the number of charged particles &gt;=1 having transverse momentum &gt;500 MeV and absolute(pseudorapidity) &lt;2.5.,pt_spectrum,-2.5-2.5,>= 1,> 500 MEV,True,1,0.5,0.6,0.5474,1.697,0.0003291,0.02029,0.02061,0.02061,0.02061262736309954,False,,unmatched_to_manuscript_bin
ins1419652,Table 8,10.17182/hepdata.72491.v1/t8,Data from Auxiliary Material,Extrapolated charged-particle multiplicities in proton-proton collisions at a centre-of-mass energy of 13000 GeV as a function of transverse momentum for events with the number of charged particles &gt;=1 having transverse momentum &gt;500 MeV and absolute(pseudorapidity) &lt;2.5.,pt_spectrum,-2.5-2.5,>= 1,> 500 MEV,True,2,0.6,0.7,0.648,1.114,0.0002368,0.01328,0.01347,0.01347,0.013472081288353333,False,,unmatched_to_manuscript_bin
ins1419652,Table 8,10.17182/hepdata.72491.v1/t8,Data from Auxiliary Material,Extrapolated charged-particle multiplicities in proton-proton collisions at a centre-of-mass energy of 13000 GeV as a function of transverse momentum for events with the number of charged particles &gt;=1 having transverse momentum &gt;500 MeV and absolute(pseudorapidity) &lt;2.5.,pt_spectrum,-2.5-2.5,>= 1,> 500 MEV,True,3,0.7,0.8,0.7481,0.7538,0.0001795,0.009177,0.0093,0.0093,0.00930173211020399,False,,unmatched_to_manuscript_bin
ins1419652,Table 8,10.17182/hepdata.72491.v1/t8,Data from Auxiliary Material,Extrapolated charged-particle multiplicities in proton-proton collisions at a centre-of-mass energy of 13000 GeV as a function of transverse momentum for events with the number of charged particles &gt;=1 having transverse momentum &gt;500 MeV and absolute(pseudorapidity) &lt;2.5.,pt_spectrum,-2.5-2.5,>= 1,> 500 MEV,True,4,0.8,0.9,0.8482,0.5233,0.0001386,0.006752,0.006834,0.006834,0.00683540532521664,False,,unmatched_to_manuscript_bin
ins1419652,Table 8,10.17182/hepdata.72491.v1/t8,Data from Auxiliary Material,Extrapolated charged-particle multiplicities in proton-proton collisions at a centre-of-mass energy of 13000 GeV as a function of transverse momentum for events with the number of charged particles &gt;=1 having transverse momentum &gt;500 MeV and absolute(pseudorapidity) &lt;2.5.,pt_spectrum,-2.5-2.5,>= 1,> 500 MEV,True,5,0.9,1.0,0.9482,0.3724,0.0001107,0.005125,0.005178,0.005178,0.005179183187530636,False,,unmatched_to_manuscript_bin
ins1419652,Table 8,10.17182/hepdata.72491.v1/t8,Data from Auxiliary Material,Extrapolated charged-particle multiplicities in proton-proton collisions at a centre-of-mass energy of 13000 GeV as a function of transverse momentum for events with the number of charged particles &gt;=1 having transverse momentum &gt;500 MeV and absolute(pseudorapidity) &lt;2.5.,pt_spectrum,-2.5-2.5,>= 1,> 500 MEV,True,6,1.0,1.1,1.049,0.2693,0.0001043,0.004777,0.004805,0.004805,0.0048061318635676245,False,,unmatched_to_manuscript_bin
ins1419652,Table 8,10.17182/hepdata.72491.v1/t8,Data from Auxiliary Material,Extrapolated charged-particle multiplicities in proton-proton collisions at a centre-of-mass energy of 13000 GeV as a function of transverse momentum for events with the number of charged particles &gt;=1 having transverse momentum &gt;500 MeV and absolute(pseudorapidity) &lt;2.5.,pt_spectrum,-2.5-2.5,>= 1,> 500 MEV,True,7,1.1,1.2,1.149,0.1984,8.296e-05,0.003735,0.003755,0.003755,0.0037559163145096833,False,,unmatched_to_manuscript_bin
ins1419652,Table 8,10.17182/hepdata.72491.v1/t8,Data from Auxiliary Material,Extrapolated charged-particle multiplicities in proton-proton collisions at a centre-of-mass energy of 13000 GeV as a function of transverse momentum for events with the number of charged particles &gt;=1 having transverse momentum &gt;500 MeV and absolute(pseudorapidity) &lt;2.5.,pt_spectrum,-2.5-2.5,>= 1,> 500 MEV,True,8,1.2,1.3,1.249,0.1483,6.336e-05,0.003036,0.00305,0.00305,0.003050658042062401,False,,unmatched_to_manuscript_bin
ins1419652,Table 8,10.17182/hepdata.72491.v1/t8,Data from Auxiliary Material,Extrapolated charged-particle multiplicities in proton-proton collisions at a centre-of-mass energy of 13000 GeV as a function of transverse momentum for events with the number of charged particles &gt;=1 having transverse momentum &gt;500 MeV and absolute(pseudorapidity) &lt;2.5.,pt_spectrum,-2.5-2.5,>= 1,> 500 MEV,True,9,1.3,1.4,1.349,0.1125,5.096e-05,0.002547,0.002556,0.002556,0.0025565079545348574,False,,unmatched_to_manuscript_bin
ins1419652,Table 8,10.17182/hepdata.72491.v1/t8,Data from Auxiliary Material,Extrapolated charged-particle multiplicities in proton-proton collisions at a centre-of-mass energy of 13000 GeV as a function of transverse momentum for events with the number of charged particles &gt;=1 having transverse momentum &gt;500 MeV and absolute(pseudorapidity) &lt;2.5.,pt_spectrum,-2.5-2.5,>= 1,> 500 MEV,True,10,1.4,1.5,1.449,0.0861,4.689e-05,0.002167,0.002173,0.002173,0.002173505848186289,False,,unmatched_to_manuscript_bin
ins1419652,Table 8,10.17182/hepdata.72491.v1/t8,Data from Auxiliary Material,Extrapolated charged-particle multiplicities in proton-proton collisions at a centre-of-mass energy of 13000 GeV as a function of transverse momentum for events with the number of charged particles &gt;=1 having transverse momentum &gt;500 MeV and absolute(pseudorapidity) &lt;2.5.,pt_spectrum,-2.5-2.5,>= 1,> 500 MEV,True,11,1.5,1.6,1.549,0.06672,3.86e-05,0.001836,0.00184,0.00184,0.0018404048358988845,False,,unmatched_to_manuscript_bin
ins1419652,Table 8,10.17182/hepdata.72491.v1/t8,Data from Auxiliary Material,Extrapolated charged-particle multiplicities in proton-proton collisions at a centre-of-mass energy of 13000 GeV as a function of transverse momentum for events with the number of charged particles &gt;=1 having transverse momentum &gt;500 MeV and absolute(pseudorapidity) &lt;2.5.,pt_spectrum,-2.5-2.5,>= 1,> 500 MEV,True,12,1.6,1.7,1.649,0.05204,3.15e-05,0.001545,0.001548,0.001548,0.001548320461015742,False,,unmatched_to_manuscript_bin
ins1419652,Table 8,10.17182/hepdata.72491.v1/t8,Data from Auxiliary Material,Extrapolated charged-particle multiplicities in proton-proton collisions at a centre-of-mass energy of 13000 GeV as a function of transverse momentum for events with the number of charged particles &gt;=1 having transverse momentum &gt;500 MeV and absolute(pseudorapidity) &lt;2.5.,pt_spectrum,-2.5-2.5,>= 1,> 500 MEV,True,13,1.7,1.8,1.749,0.04099,2.684e-05,0.001313,0.001315,0.001315,0.0013152738823530253,False,,unmatched_to_manuscript_bin
ins1419652,Table 8,10.17182/hepdata.72491.v1/t8,Data from Auxiliary Material,Extrapolated charged-particle multiplicities in proton-proton collisions at a centre-of-mass energy of 13000 GeV as a function of transverse momentum for events with the number of charged particles &gt;=1 having transverse momentum &gt;500 MeV and absolute(pseudorapidity) &lt;2.5.,pt_spectrum,-2.5-2.5,>= 1,> 500 MEV,True,14,1.8,1.9,1.849,0.03255,2.156e-05,0.001112,0.001114,0.001114,0.0011142086131420812,False,,unmatched_to_manuscript_bin
ins1419652,Table 8,10.17182/hepdata.72491.v1/t8,Data from Auxiliary Material,Extrapolated charged-particle multiplicities in proton-proton collisions at a centre-of-mass energy of 13000 GeV as a function of transverse momentum for events with the number of charged particles &gt;=1 having transverse momentum &gt;500 MeV and absolute(pseudorapidity) &lt;2.5.,pt_spectrum,-2.5-2.5,>= 1,> 500 MEV,True,15,1.9,2.0,1.949,0.02595,2.045e-05,0.000942,0.0009432,0.0009432,0.0009434216673895084,False,,unmatched_to_manuscript_bin
ins1419652,Table 8,10.17182/hepdata.72491.v1/t8,Data from Auxiliary Material,Extrapolated charged-particle multiplicities in proton-proton collisions at a centre-of-mass energy of 13000 GeV as a function of transverse momentum for events with the number of charged particles &gt;=1 having transverse momentum &gt;500 MeV and absolute(pseudorapidity) &lt;2.5.,pt_spectrum,-2.5-2.5,>= 1,> 500 MEV,True,16,2.0,2.1,2.049,0.02082,1.615e-05,0.0008025,0.0008034,0.0008034,0.000803562307789508,False,,unmatched_to_manuscript_bin
ins1419652,Table 8,10.17182/hepdata.72491.v1/t8,Data from Auxiliary Material,Extrapolated charged-particle multiplicities in proton-proton collisions at a centre-of-mass energy of 13000 GeV as a function of transverse momentum for events with the number of charged particles &gt;=1 having transverse momentum &gt;500 MeV and absolute(pseudorapidity) &lt;2.5.,pt_spectrum,-2.5-2.5,>= 1,> 500 MEV,True,17,2.1,2.2,2.149,0.01688,1.462e-05,0.0006875,0.0006881,0.0006881,0.0006882552974006084,False,,unmatched_to_manuscript_bin
ins1419652,Table 8,10.17182/hepdata.72491.v1/t8,Data from Auxiliary Material,Extrapolated charged-particle multiplicities in proton-proton collisions at a centre-of-mass energy of 13000 GeV as a function of transverse momentum for events with the number of charged particles &gt;=1 having transverse momentum &gt;500 MeV and absolute(pseudorapidity) &lt;2.5.,pt_spectrum,-2.5-2.5,>= 1,> 500 MEV,True,18,2.2,2.3,2.249,0.01369,1.356e-05,0.0005844,0.0005849,0.0005849,0.0005850571626772891,False,,unmatched_to_manuscript_bin
ins1419652,Table 8,10.17182/hepdata.72491.v1/t8,Data from Auxiliary Material,Extrapolated charged-particle multiplicities in proton-proton collisions at a centre-of-mass energy of 13000 GeV as a function of transverse momentum for events with the number of charged particles &gt;=1 having transverse momentum &gt;500 MeV and absolute(pseudorapidity) &lt;2.5.,pt_spectrum,-2.5-2.5,>= 1,> 500 MEV,True,19,2.3,2.4,2.349,0.0112,1.15e-05,0.0005035,0.0005038,0.0005038,0.0005039312353883216,False,,unmatched_to_manuscript_bin
ins1419652,Table 8,10.17182/hepdata.72491.v1/t8,Data from Auxiliary Material,Extrapolated charged-particle multiplicities in proton-proton collisions at a centre-of-mass energy of 13000 GeV as a function of transverse momentum for events with the number of charged particles &gt;=1 having transverse momentum &gt;500 MeV and absolute(pseudorapidity) &lt;2.5.,pt_spectrum,-2.5-2.5,>= 1,> 500 MEV,True,20,2.4,2.5,2.449,0.009192,9.659e-06,0.0004297,0.00043,0.00043,0.0004301084703664879,False,,unmatched_to_manuscript_bin
ins1419652,Table 8,10.17182/hepdata.72491.v1/t8,Data from Auxiliary Material,Extrapolated charged-particle multiplicities in proton-proton collisions at a centre-of-mass energy of 13000 GeV as a function of transverse momentum for events with the number of charged particles &gt;=1 having transverse momentum &gt;500 MeV and absolute(pseudorapidity) &lt;2.5.,pt_spectrum,-2.5-2.5,>= 1,> 500 MEV,True,21,2.5,2.7,2.596,0.006924,6.715e-06,0.0003408,0.000341,0.000341,0.0003410661097573314,False,,unmatched_to_manuscript_bin
ins1419652,Table 8,10.17182/hepdata.72491.v1/t8,Data from Auxiliary Material,Extrapolated charged-particle multiplicities in proton-proton collisions at a centre-of-mass energy of 13000 GeV as a function of transverse momentum for events with the number of charged particles &gt;=1 having transverse momentum &gt;500 MeV and absolute(pseudorapidity) &lt;2.5.,pt_spectrum,-2.5-2.5,>= 1,> 500 MEV,True,22,2.7,2.9,2.796,0.004809,4.945e-06,0.0002512,0.0002513,0.0002513,0.0002513486483452815,False,,unmatched_to_manuscript_bin
ins1419652,Table 8,10.17182/hepdata.72491.v1/t8,Data from Auxiliary Material,Extrapolated charged-particle multiplicities in proton-proton collisions at a centre-of-mass energy of 13000 GeV as a function of transverse momentum for events with the number of charged particles &gt;=1 having transverse momentum &gt;500 MeV and absolute(pseudorapidity) &lt;2.5.,pt_spectrum,-2.5-2.5,>= 1,> 500 MEV,True,23,2.9,3.1,2.996,0.003373,4.643e-06,0.0001828,0.0001829,0.0001829,0.00018295892284608586,False,,unmatched_to_manuscript_bin
ins1419652,Table 8,10.17182/hepdata.72491.v1/t8,Data from Auxiliary Material,Extrapolated charged-particle multiplicities in proton-proton collisions at a centre-of-mass energy of 13000 GeV as a function of transverse momentum for events with the number of charged particles &gt;=1 having transverse momentum &gt;500 MeV and absolute(pseudorapidity) &lt;2.5.,pt_spectrum,-2.5-2.5,>= 1,> 500 MEV,True,24,3.1,3.3,3.197,0.002422,3.421e-06,0.0001357,0.0001357,0.0001357,0.00013574311489353706,False,,unmatched_to_manuscript_bin
ins1419652,Table 8,10.17182/hepdata.72491.v1/t8,Data from Auxiliary Material,Extrapolated charged-particle multiplicities in proton-proton collisions at a centre-of-mass energy of 13000 GeV as a function of transverse momentum for events with the number of charged particles &gt;=1 having transverse momentum &gt;500 MeV and absolute(pseudorapidity) &lt;2.5.,pt_spectrum,-2.5-2.5,>= 1,> 500 MEV,True,25,3.3,3.5,3.397,0.001747,2.627e-06,9.933e-05,9.938e-05,9.938e-05,9.941471485147459e-05,False,,unmatched_to_manuscript_bin
ins1419652,Table 8,10.17182/hepdata.72491.v1/t8,Data from Auxiliary Material,Extrapolated charged-particle multiplicities in proton-proton collisions at a centre-of-mass energy of 13000 GeV as a function of transverse momentum for events with the number of charged particles &gt;=1 having transverse momentum &gt;500 MeV and absolute(pseudorapidity) &lt;2.5.,pt_spectrum,-2.5-2.5,>= 1,> 500 MEV,True,26,3.5,4.0,3.726,0.001051,1.223e-06,6.118e-05,6.121e-05,6.121e-05,6.122221679259908e-05,False,,unmatched_to_manuscript_bin
ins1419652,Table 8,10.17182/hepdata.72491.v1/t8,Data from Auxiliary Material,Extrapolated charged-particle multiplicities in proton-proton collisions at a centre-of-mass energy of 13000 GeV as a function of transverse momentum for events with the number of charged particles &gt;=1 having transverse momentum &gt;500 MeV and absolute(pseudorapidity) &lt;2.5.,pt_spectrum,-2.5-2.5,>= 1,> 500 MEV,True,27,4.0,4.5,4.228,0.000518,7.475e-07,2.953e-05,2.954e-05,2.954e-05,2.954945610751575e-05,False,,unmatched_to_manuscript_bin
ins1419652,Table 8,10.17182/hepdata.72491.v1/t8,Data from Auxiliary Material,Extrapolated charged-particle multiplicities in proton-proton collisions at a centre-of-mass energy of 13000 GeV as a function of transverse momentum for events with the number of charged particles &gt;=1 having transverse momentum &gt;500 MeV and absolute(pseudorapidity) &lt;2.5.,pt_spectrum,-2.5-2.5,>= 1,> 500 MEV,True,28,4.5,5.0,4.731,0.0002735,4.7e-07,1.484e-05,1.485e-05,1.485e-05,1.4857435848759368e-05,False,,unmatched_to_manuscript_bin
ins1419652,Table 8,10.17182/hepdata.72491.v1/t8,Data from Auxiliary Material,Extrapolated charged-particle multiplicities in proton-proton collisions at a centre-of-mass energy of 13000 GeV as a function of transverse momentum for events with the number of charged particles &gt;=1 having transverse momentum &gt;500 MeV and absolute(pseudorapidity) &lt;2.5.,pt_spectrum,-2.5-2.5,>= 1,> 500 MEV,True,29,5.0,6.0,5.43,0.0001202,1.985e-07,5.829e-06,5.833e-06,5.833e-06,5.83637655142298e-06,False,,unmatched_to_manuscript_bin
ins1419652,Table 8,10.17182/hepdata.72491.v1/t8,Data from Auxiliary Material,Extrapolated charged-particle multiplicities in proton-proton collisions at a centre-of-mass energy of 13000 GeV as a function of transverse momentum for events with the number of charged particles &gt;=1 having transverse momentum &gt;500 MeV and absolute(pseudorapidity) &lt;2.5.,pt_spectrum,-2.5-2.5,>= 1,> 500 MEV,True,30,6.0,7.0,6.442,4.408e-05,9.151e-08,1.746e-06,1.748e-06,1.748e-06,1.750393692887403e-06,False,,unmatched_to_manuscript_bin
ins1419652,Table 8,10.17182/hepdata.72491.v1/t8,Data from Auxiliary Material,Extrapolated charged-particle multiplicities in proton-proton collisions at a centre-of-mass energy of 13000 GeV as a function of transverse momentum for events with the number of charged particles &gt;=1 having transverse momentum &gt;500 MeV and absolute(pseudorapidity) &lt;2.5.,pt_spectrum,-2.5-2.5,>= 1,> 500 MEV,True,31,7.0,8.0,7.445,1.86e-05,4.911e-08,5.659e-07,5.669e-07,5.669e-07,5.690231999663986e-07,False,,unmatched_to_manuscript_bin
ins1419652,Table 8,10.17182/hepdata.72491.v1/t8,Data from Auxiliary Material,Extrapolated charged-particle multiplicities in proton-proton collisions at a centre-of-mass energy of 13000 GeV as a function of transverse momentum for events with the number of charged particles &gt;=1 having transverse momentum &gt;500 MeV and absolute(pseudorapidity) &lt;2.5.,pt_spectrum,-2.5-2.5,>= 1,> 500 MEV,True,32,8.0,9.0,8.45,8.86e-06,2.861e-08,2.036e-07,2.043e-07,2.043e-07,2.062935338298319e-07,False,,unmatched_to_manuscript_bin
ins1419652,Table 8,10.17182/hepdata.72491.v1/t8,Data from Auxiliary Material,Extrapolated charged-particle multiplicities in proton-proton collisions at a centre-of-mass energy of 13000 GeV as a function of transverse momentum for events with the number of charged particles &gt;=1 having transverse momentum &gt;500 MeV and absolute(pseudorapidity) &lt;2.5.,pt_spectrum,-2.5-2.5,>= 1,> 500 MEV,True,33,9.0,10.0,9.464,4.373e-06,1.709e-08,7.836e-08,7.879e-08,7.879e-08,8.062215700413875e-08,False,,unmatched_to_manuscript_bin
ins1419652,Table 8,10.17182/hepdata.72491.v1/t8,Data from Auxiliary Material,Extrapolated charged-particle multiplicities in proton-proton collisions at a centre-of-mass energy of 13000 GeV as a function of transverse momentum for events with the number of charged particles &gt;=1 having transverse momentum &gt;500 MeV and absolute(pseudorapidity) &lt;2.5.,pt_spectrum,-2.5-2.5,>= 1,> 500 MEV,True,34,10.0,15.0,11.71,1.137e-06,4.41e-09,2.917e-08,2.925e-08,2.925e-08,2.9580578087657448e-08,False,,unmatched_to_manuscript_bin
ins1419652,Table 8,10.17182/hepdata.72491.v1/t8,Data from Auxiliary Material,Extrapolated charged-particle multiplicities in proton-proton collisions at a centre-of-mass energy of 13000 GeV as a function of transverse momentum for events with the number of charged particles &gt;=1 having transverse momentum &gt;500 MeV and absolute(pseudorapidity) &lt;2.5.,pt_spectrum,-2.5-2.5,>= 1,> 500 MEV,True,35,15.0,20.0,16.95,1.357e-07,9.998e-10,3.813e-09,3.821e-09,3.821e-09,3.94963808974949e-09,False,,unmatched_to_manuscript_bin
ins1419652,Table 8,10.17182/hepdata.72491.v1/t8,Data from Auxiliary Material,Extrapolated charged-particle multiplicities in proton-proton collisions at a centre-of-mass energy of 13000 GeV as a function of transverse momentum for events with the number of charged particles &gt;=1 having transverse momentum &gt;500 MeV and absolute(pseudorapidity) &lt;2.5.,pt_spectrum,-2.5-2.5,>= 1,> 500 MEV,True,36,20.0,30.0,23.57,1.857e-08,2.536e-10,6.32e-10,6.33e-10,6.33e-10,6.819105219895056e-10,False,,unmatched_to_manuscript_bin
ins1419652,Table 8,10.17182/hepdata.72491.v1/t8,Data from Auxiliary Material,Extrapolated charged-particle multiplicities in proton-proton collisions at a centre-of-mass energy of 13000 GeV as a function of transverse momentum for events with the number of charged particles &gt;=1 having transverse momentum &gt;500 MeV and absolute(pseudorapidity) &lt;2.5.,pt_spectrum,-2.5-2.5,>= 1,> 500 MEV,True,37,30.0,50.0,36.31,1.142e-09,3.999e-11,6.623e-11,6.637e-11,6.637e-11,7.748662465225854e-11,False,,unmatched_to_manuscript_bin
